cell,side,opponent,T,K,W_K,S_star,LB,UB,gap,status,seconds,policy_count,iterations,n_schedules,zero_reach
head_on_v0.85_d16_T6_G3_none,blue,C,6,0,0.23498781299269145,[],0.23498731923986607,0.23498830674546733,9.875056012622797e-07,certified_numeric,0.9973415830027079,50,50,1,
head_on_v0.85_d16_T6_G3_none,blue,C,6,1,3.328195732271391,[2],3.3281952385186235,3.328196226024159,9.875055360089214e-07,certified_numeric,2.0040025419948506,,,6,
head_on_v0.85_d16_T6_G3_none,blue,C,6,2,4.9144940069575265,"[1, 2]",4.914493513204755,4.914494500710291,9.875055364530106e-07,certified_numeric,2.0408979169951635,,,16,
head_on_v0.85_d16_T6_G3_none,blue,C,6,3,5.832312178976455,"[1, 2, 4]",5.832311685223687,5.832312672729222,9.875055346766538e-07,certified_numeric,4.068309708003653,,,26,
head_on_v0.85_d16_T6_G3_none,blue,C,6,4,6.757481205088834,"[1, 2, 3, 4]",6.757480711336068,6.7574816988416,9.875055320121185e-07,certified_numeric,4.530870999995386,,,31,
head_on_v0.85_d16_T6_G3_none,blue,C,6,5,6.816069540555112,"[1, 2, 3, 4, 5]",6.816069046802345,6.816070034307879,9.875055346766538e-07,certified_numeric,31.018893874999776,,,32,
head_on_v0.85_d16_T6_G3_none,blue,F,6,0,-6.381095911095752,[],-6.381096404848519,-6.381095417342985,9.875055333452565e-07,certified_numeric,46.703780541000015,,,1,
head_on_v0.85_d16_T6_G3_none,blue,F,6,1,-1.372687229822536,[2],-1.3726878426403526,-1.3726866170047196,1.2256356329842788e-06,certified_numeric,4.181015082998783,,,6,
head_on_v0.85_d16_T6_G3_none,blue,F,6,2,-0.12406922805054249,"[1, 2]",-0.12406986453110687,-0.12406859156997811,1.2729611287610762e-06,certified_numeric,4.18219062499702,,,16,
head_on_v0.85_d16_T6_G3_none,blue,F,6,3,0.1650476884142909,"[1, 2, 4]",0.16504677132597556,0.16504860550260625,1.8341766306864297e-06,certified_numeric,13.697293249999348,,,26,
head_on_v0.85_d16_T6_G3_none,blue,F,6,4,0.5817215118643919,"[1, 2, 3, 4]",0.5817203972536514,0.5817226264751324,2.2292214810147105e-06,certified_numeric,13.502252999998746,,,31,
head_on_v0.85_d16_T6_G3_none,blue,F,6,5,0.668851615692641,"[1, 2, 3, 4, 5]",0.6688500573754668,0.6688531740098151,3.1166343483026106e-06,certified_numeric,0.023994374998437706,,,32,
head_on_v1.15_d16_T6_G3_none,blue,C,6,0,1.6250095132256526,[],1.6250090028158817,1.6250100236354417,1.0208195599052048e-06,certified_numeric,1.1416248340028687,54,54,1,
head_on_v1.15_d16_T6_G3_none,blue,C,6,1,5.0569928767549195,[1],5.056992366345162,5.056993387164679,1.0208195168285514e-06,certified_numeric,1.9446030000035535,,,6,
head_on_v1.15_d16_T6_G3_none,blue,C,6,2,6.4785564627630015,"[1, 2]",6.478555952353243,6.47855697317276,1.0208195168285514e-06,certified_numeric,2.269849083000736,,,16,
head_on_v1.15_d16_T6_G3_none,blue,C,6,3,6.7957930836004685,"[1, 2, 4]",6.795792573190709,6.795793594010229,1.020819520381265e-06,certified_numeric,5.329588957996748,,,26,
head_on_v1.15_d16_T6_G3_none,blue,C,6,4,7.015483692360229,"[1, 2, 4, 5]",7.015483181950469,7.015484202769991,1.020819522157622e-06,certified_numeric,31.958463791001122,,,31,
head_on_v1.15_d16_T6_G3_none,blue,C,6,5,7.01548369236023,"[1, 2, 3, 4, 5]",7.015483181950473,7.015484202769989,1.020819515940373e-06,certified_numeric,33.14279933299986,,,32,
head_on_v1.15_d16_T6_G3_none,blue,F,6,0,-3.9652155470095187,[],-3.9652160574192794,-3.965215036599758,1.0208195213579074e-06,certified_numeric,21.69819737499347,,,1,
head_on_v1.15_d16_T6_G3_none,blue,F,6,1,-0.49324342608511484,[1],-0.49324399321464135,-0.49324285895558834,1.1342590529840213e-06,certified_numeric,3.7784839999949327,,,6,
head_on_v1.15_d16_T6_G3_none,blue,F,6,2,-0.4932434260851135,"[1, 2]",-0.493244173214084,-0.49324267895614304,1.4942579409305173e-06,certified_numeric,2.5645549170003505,,,16,
head_on_v1.15_d16_T6_G3_none,blue,F,6,3,-0.4932434260851135,"[1, 2]",-0.493244173214084,-0.49324267895614304,1.4942579409305173e-06,certified_numeric,2.5645549170003505,,,26,
head_on_v1.15_d16_T6_G3_none,blue,F,6,4,-0.4932434260851135,"[1, 2]",-0.493244173214084,-0.49324267895614304,1.4942579409305173e-06,certified_numeric,2.5645549170003505,,,31,
head_on_v1.15_d16_T6_G3_none,blue,F,6,5,-0.4932434260851135,"[1, 2]",-0.493244173214084,-0.49324267895614304,1.4942579409305173e-06,certified_numeric,2.5645549170003505,,,32,
head_on_v1_d16_T6_G3_none,blue,C,6,0,5.0385146284684935e-17,[],-4.805913658358656e-07,4.805955766215055e-07,9.611869424573712e-07,certified_numeric,1.2339844169982825,57,57,1,
head_on_v1_d16_T6_G3_none,blue,C,6,1,2.1409677775406655,[3],2.14096729694949,2.140968258131842,9.61182351838961e-07,certified_numeric,2.0708933330024593,,,6,
head_on_v1_d16_T6_G3_none,blue,C,6,2,4.346615421164014,"[1, 2]",4.346614940572836,4.3466159017551895,9.611823531712286e-07,certified_numeric,1.9513963749996037,,,16,
head_on_v1_d16_T6_G3_none,blue,C,6,3,5.24463061163573,"[1, 2, 4]",5.244630131044553,5.244631092226909,9.611823558357639e-07,certified_numeric,4.545036125004117,,,26,
head_on_v1_d16_T6_G3_none,blue,C,6,4,5.314021303566009,"[1, 2, 3, 4]",5.314020822974834,5.314021784157185,9.611823505066933e-07,certified_numeric,3.934772332999273,,,31,
head_on_v1_d16_T6_G3_none,blue,C,6,5,5.348411684396352,"[1, 2, 3, 4, 5]",5.348411203805174,5.348412164987527,9.611823531712286e-07,certified_numeric,39.472205916994426,,,32,
head_on_v1_d16_T6_G3_none,blue,F,6,0,-5.348411684396352,[],-5.34841216498753,-5.348411203805173,9.61182356817858e-07,certified_numeric,33.745400749998225,,,1,
head_on_v1_d16_T6_G3_none,blue,F,6,1,-2.146546994520465,[1],-2.1465475524343445,-2.1465464366065854,1.1158277592085704e-06,certified_numeric,2.779347374998906,,,6,
head_on_v1_d16_T6_G3_none,blue,F,6,2,4.6319744760489925e-17,"[1, 3]",-8.806930820353289e-07,8.806930821279685e-07,1.7613861641632973e-06,certified_numeric,5.0287770419963636,,,16,
head_on_v1_d16_T6_G3_none,blue,F,6,3,4.440892098500626e-16,"[1, 2, 4]",-1.0989266596981953e-06,1.0989266605863737e-06,2.197853320284569e-06,certified_numeric,14.195009208997362,,,26,
head_on_v1_d16_T6_G3_none,blue,F,6,4,4.440892098500626e-16,"[1, 2, 4]",-1.0989266596981953e-06,1.0989266605863737e-06,2.197853320284569e-06,certified_numeric,14.195009208997362,,,31,
head_on_v1_d16_T6_G3_none,blue,F,6,5,4.440892098500626e-16,"[1, 2, 4]",-1.0989266596981953e-06,1.0989266605863737e-06,2.197853320284569e-06,certified_numeric,14.195009208997362,,,32,
head_on_v1_d16_T6_G3_none,red,C,6,0,-5.796240593889458e-17,[],-4.805915816106353e-07,4.810699277909604e-07,9.616615094015958e-07,certified_numeric,1.2298811250002473,57,57,1,
head_on_v1_d16_T6_G3_none,red,C,6,1,2.1409677775406655,[3],2.1409672969494897,2.140968258131842,9.611823522830502e-07,certified_numeric,2.109987915995589,,,6,
head_on_v1_d16_T6_G3_none,red,C,6,2,4.346615421164012,"[1, 2]",4.346614940572836,4.346615901755188,9.611823513948718e-07,certified_numeric,1.9645222079998348,,,16,
head_on_v1_d16_T6_G3_none,red,C,6,3,5.244630611635731,"[1, 2, 4]",5.244630131044557,5.244631092226908,9.611823505066933e-07,certified_numeric,4.377079958001559,,,26,
head_on_v1_d16_T6_G3_none,red,C,6,4,5.31402130356601,"[1, 2, 3, 4]",5.314020822974833,5.314021784157182,9.611823487303365e-07,certified_numeric,3.9330908749980154,,,31,
head_on_v1_d16_T6_G3_none,red,C,6,5,5.348411684396352,"[1, 2, 3, 4, 5]",5.348411203805173,5.34841216498753,9.611823567239423e-07,certified_numeric,34.69599433399708,,,32,
head_on_v1_d16_T6_G3_none,red,F,6,0,-5.348411684396352,[],-5.348412164987529,-5.348411203805174,9.61182355041501e-07,certified_numeric,39.33751666700118,,,1,
head_on_v1_d16_T6_G3_none,red,F,6,1,-2.1465469945204623,[1],-2.1465475524360897,-2.146546436604835,1.1158312550788303e-06,certified_numeric,2.459725125001569,,,6,
head_on_v1_d16_T6_G3_none,red,F,6,2,-4.1542685321780964e-17,"[1, 3]",-8.806924035548788e-07,8.806924034717933e-07,1.761384807026672e-06,certified_numeric,5.228893332998268,,,16,
head_on_v1_d16_T6_G3_none,red,F,6,3,-0.0,"[1, 2, 5]",-1.1941259899801722e-06,1.1941259899801722e-06,2.3882519799603444e-06,certified_numeric,0.7328514580003684,,,26,
head_on_v1_d16_T6_G3_none,red,F,6,4,-0.0,"[1, 2, 5]",-1.1941259899801722e-06,1.1941259899801722e-06,2.3882519799603444e-06,certified_numeric,0.7328514580003684,,,31,
head_on_v1_d16_T6_G3_none,red,F,6,5,-0.0,"[1, 2, 5]",-1.1941259899801722e-06,1.1941259899801722e-06,2.3882519799603444e-06,certified_numeric,0.7328514580003684,,,32,
parallel_v0.85_d16_T6_G3_none,blue,C,6,0,-0.6742303384252264,[],-0.6742307321610291,-0.6742299446893874,7.874716417754857e-07,certified_numeric,0.5275296250038082,32,32,1,
parallel_v0.85_d16_T6_G3_none,blue,C,6,1,1.4664232116790101,[3],1.4664228179432284,1.466423605414788,7.874715595079596e-07,certified_numeric,2.494795457998407,,,6,
parallel_v0.85_d16_T6_G3_none,blue,C,6,2,1.9592926598925633,"[2, 4]",1.959292266156782,1.9592930536283453,7.874715632827178e-07,certified_numeric,3.2213061670045136,,,16,
parallel_v0.85_d16_T6_G3_none,blue,C,6,3,2.1711385189617247,"[2, 4, 5]",2.1711381252259425,2.171138912697507,7.874715648370301e-07,certified_numeric,20.938385208995896,,,26,
parallel_v0.85_d16_T6_G3_none,blue,C,6,4,2.2004322158199763,"[1, 3, 4, 5]",2.200431822084195,2.200432609555758,7.874715635047624e-07,certified_numeric,16.776817000005394,,,31,
parallel_v0.85_d16_T6_G3_none,blue,C,6,5,2.2004322158199763,"[1, 3, 4, 5]",2.200431822084195,2.200432609555758,7.874715635047624e-07,certified_numeric,16.776817000005394,,,32,
parallel_v0.85_d16_T6_G3_none,blue,F,6,0,-4.578523438872285,[],-4.5785238326080675,-4.578523045136502,7.874715652889108e-07,certified_numeric,23.91867508299765,,,1,
parallel_v0.85_d16_T6_G3_none,blue,F,6,1,-1.9112788900173976,[3],-1.91127953180395,-1.9112782482308452,1.283573104693403e-06,certified_numeric,4.500909916998353,,,6,
parallel_v0.85_d16_T6_G3_none,blue,F,6,2,-0.7233238440560034,"[2, 3]",-0.7233246031104061,-0.7233230850016006,1.5181088055406272e-06,certified_numeric,4.4074432920024265,,,16,
parallel_v0.85_d16_T6_G3_none,blue,F,6,3,-0.0,"[2, 3, 4]",-1.107730264655032e-06,1.107730264655032e-06,2.215460529310064e-06,certified_numeric,12.619583500010776,,,26,
parallel_v0.85_d16_T6_G3_none,blue,F,6,4,-0.0,"[2, 3, 4]",-1.107730264655032e-06,1.107730264655032e-06,2.215460529310064e-06,certified_numeric,12.619583500010776,,,31,
parallel_v0.85_d16_T6_G3_none,blue,F,6,5,-0.0,"[2, 3, 4]",-1.107730264655032e-06,1.107730264655032e-06,2.215460529310064e-06,certified_numeric,12.619583500010776,,,32,
parallel_v1.15_d16_T6_G3_none,blue,C,6,0,1.0651281938202224,[],1.0651278239458644,1.0651285636951713,7.39749306995669e-07,certified_numeric,0.6598075410001911,42,42,1,
parallel_v1.15_d16_T6_G3_none,blue,C,6,1,2.8440242998963985,[2],2.8440239300220576,2.844024669770739,7.397486810519277e-07,certified_numeric,1.865293415990891,,,3,
parallel_v1.15_d16_T6_G3_none,blue,C,6,2,2.8440242998963985,[2],2.8440239300220576,2.844024669770739,7.397486810519277e-07,certified_numeric,1.865293415990891,,,3,
parallel_v1.15_d16_T6_G3_none,blue,C,6,3,2.8440242998963985,[2],2.8440239300220576,2.844024669770739,7.397486810519277e-07,certified_numeric,1.865293415990891,,,3,
parallel_v1.15_d16_T6_G3_none,blue,C,6,4,2.8440242998963985,[2],2.8440239300220576,2.844024669770739,7.397486810519277e-07,certified_numeric,1.865293415990891,,,3,
parallel_v1.15_d16_T6_G3_none,blue,C,6,5,5.27577250361011,"[1, 2, 3, 4, 5]",5.275772133735772,5.27577287348445,7.397486788314817e-07,certified_numeric,25.852032416994916,,,4,
parallel_v1_d16_T6_G3_none,blue,C,6,0,1.0094014339743877e-15,[],-4.03427593718484e-07,4.034275911720374e-07,8.068551848905214e-07,certified_numeric,0.6964533340069465,40,40,1,
parallel_v1_d16_T6_G3_none,blue,C,6,1,2.350467501538832,[3],2.350467098111245,2.3504679049664188,8.068551739063799e-07,certified_numeric,2.5197271250071935,,,6,
parallel_v1_d16_T6_G3_none,blue,C,6,2,3.1642964269493716,"[2, 4]",3.1642960235217847,3.164296830376957,8.068551725741122e-07,certified_numeric,5.40635150000162,,,16,
parallel_v1_d16_T6_G3_none,blue,C,6,3,3.2942212980740946,"[2, 4, 5]",3.2942208946465072,3.294221701501681,8.068551739063799e-07,certified_numeric,27.043676000001142,,,26,
parallel_v1_d16_T6_G3_none,blue,C,6,4,3.4053806220988037,"[2, 3, 4, 5]",3.4053802186712123,3.4053810255263897,8.068551774590935e-07,certified_numeric,27.200546916996245,,,31,
parallel_v1_d16_T6_G3_none,blue,C,6,5,3.406573724064331,"[1, 2, 3, 4, 5]",3.406573320636747,3.4065741274919183,8.068551716859338e-07,certified_numeric,26.939968040998792,,,32,
parallel_v1_d16_T6_G3_none,blue,F,6,0,-3.406573724064325,[],-3.406574127491911,-3.406573320636739,8.068551720086248e-07,certified_numeric,32.94145508299698,,,1,
parallel_v1_d16_T6_G3_none,blue,F,6,1,-0.8340431332084075,[3],-0.8340437573788669,-0.8340425090379481,1.2483409188579486e-06,certified_numeric,3.819554917005007,,,6,
parallel_v1_d16_T6_G3_none,blue,F,6,2,-0.04261871184579978,"[2, 3]",-0.042619406323952315,-0.04261801736764725,1.3889563050661877e-06,certified_numeric,3.8489772499888204,,,16,
parallel_v1_d16_T6_G3_none,blue,F,6,3,-0.0,"[2, 3, 4]",-9.93016004814648e-07,9.93016004814648e-07,1.986032009629296e-06,certified_numeric,12.96949799999129,,,26,
parallel_v1_d16_T6_G3_none,blue,F,6,4,-0.0,"[2, 3, 4]",-9.93016004814648e-07,9.93016004814648e-07,1.986032009629296e-06,certified_numeric,12.96949799999129,,,31,
parallel_v1_d16_T6_G3_none,blue,F,6,5,-0.0,"[2, 3, 4]",-9.93016004814648e-07,9.93016004814648e-07,1.986032009629296e-06,certified_numeric,12.96949799999129,,,32,
parallel_v1_d16_T6_G3_none,red,C,6,0,-1.060878341491142e-15,[],-4.0342760022192754e-07,4.034275982774648e-07,8.068551984993923e-07,certified_numeric,0.6445171249943087,40,40,1,
parallel_v1_d16_T6_G3_none,red,C,6,1,2.350467501538827,[3],2.3504670981112477,2.35046790496642,8.068551725741122e-07,certified_numeric,2.057175209003617,,,6,
parallel_v1_d16_T6_G3_none,red,C,6,2,3.1642964269493676,"[2, 4]",3.1642960235217794,3.164296830376955,8.068551756827367e-07,certified_numeric,4.494721125010983,,,16,
parallel_v1_d16_T6_G3_none,red,C,6,3,3.2942212980740875,"[2, 4, 5]",3.2942208946465,3.2942217015016744,8.068551743504691e-07,certified_numeric,25.048207041007117,,,26,
parallel_v1_d16_T6_G3_none,red,C,6,4,3.4053806220987957,"[2, 3, 4, 5]",3.405380218671209,3.4053810255263857,8.068551765709151e-07,certified_numeric,35.71853154100245,,,31,
parallel_v1_d16_T6_G3_none,red,C,6,5,3.406573724064325,"[1, 2, 3, 4, 5]",3.406573320636739,3.406574127491906,8.068551672450417e-07,certified_numeric,32.72587904200191,,,32,
parallel_v1_d16_T6_G3_none,red,F,6,0,-3.406573724064331,[],-3.4065741274919183,-3.4065733206367437,8.0685517467316e-07,certified_numeric,25.329254417010816,,,1,
parallel_v1_d16_T6_G3_none,red,F,6,1,-0.8340431332084077,[3],-0.8340437573788566,-0.8340425090379588,1.2483408977637112e-06,certified_numeric,4.640737666995847,,,6,
parallel_v1_d16_T6_G3_none,red,F,6,2,-0.04261871184579944,"[2, 3]",-0.04261940632395342,-0.042618017367645464,1.3889563079527676e-06,certified_numeric,5.380115959007526,,,16,
parallel_v1_d16_T6_G3_none,red,F,6,3,-0.0,"[2, 3, 4]",-9.930160042601877e-07,9.930160042601877e-07,1.9860320085203753e-06,certified_numeric,13.005708957993193,,,26,
parallel_v1_d16_T6_G3_none,red,F,6,4,-0.0,"[2, 3, 4]",-9.930160042601877e-07,9.930160042601877e-07,1.9860320085203753e-06,certified_numeric,13.005708957993193,,,31,
parallel_v1_d16_T6_G3_none,red,F,6,5,-0.0,"[2, 3, 4]",-9.930160042601877e-07,9.930160042601877e-07,1.9860320085203753e-06,certified_numeric,13.005708957993193,,,32,
