eta_v,eta_omega,geometry,R_plan,peak_ratio,share_ratio
0.75,0.7,head_on,straight,0.0,0.0
0.75,0.7,head_on,turn+30,0.7565,0.025
0.75,0.7,head_on,turn+60,0.7029,0.025
0.75,0.7,head_on,turn+90,0.4616,0.0
0.75,0.7,head_on,turn+120,0.3793,0.0
0.75,0.7,head_on,turn+180,0.2927,0.0
0.75,0.7,head_on,turn-30,1.0,0.025
0.75,0.7,head_on,turn-60,0.9516,0.025
0.75,0.7,head_on,turn-90,0.7506,0.025
0.75,0.7,head_on,turn-120,0.699,0.025
0.75,0.7,head_on,turn-180,0.3862,0.0
0.8,0.7,head_on,straight,0.0,0.0
0.8,0.7,head_on,turn+30,1.0,0.025
0.8,0.7,head_on,turn+60,0.9583,0.025
0.8,0.7,head_on,turn+90,0.9028,0.025
0.8,0.7,head_on,turn+120,0.6282,0.025
0.8,0.7,head_on,turn+180,0.4595,0.0
0.8,0.7,head_on,turn-30,1.0,0.025
0.8,0.7,head_on,turn-60,0.9583,0.025
0.8,0.7,head_on,turn-90,0.9028,0.025
0.8,0.7,head_on,turn-120,0.6282,0.025
0.8,0.7,head_on,turn-180,0.4595,0.0
0.85,0.7,head_on,straight,0.0,0.0
0.85,0.7,head_on,turn+30,0.0,0.0
0.85,0.7,head_on,turn+60,1.0,0.025
0.85,0.7,head_on,turn+90,0.9502,0.025
0.85,0.7,head_on,turn+120,0.675,0.025
0.85,0.7,head_on,turn+180,0.502,0.025
0.85,0.7,head_on,turn-30,0.0,0.0
0.85,0.7,head_on,turn-60,1.0,0.025
0.85,0.7,head_on,turn-90,0.9502,0.025
0.85,0.7,head_on,turn-120,0.675,0.025
0.85,0.7,head_on,turn-180,0.502,0.025
0.9,0.7,head_on,straight,0.0,0.0
0.9,0.7,head_on,turn+30,0.0,0.0
0.9,0.7,head_on,turn+60,0.8109,0.025
0.9,0.7,head_on,turn+90,0.5433,0.025
0.9,0.7,head_on,turn+120,0.4863,0.0
0.9,0.7,head_on,turn+180,0.4036,0.0
0.9,0.7,head_on,turn-30,0.0,0.0
0.9,0.7,head_on,turn-60,1.0,0.025
0.9,0.7,head_on,turn-90,0.9761,0.025
0.9,0.7,head_on,turn-120,0.9354,0.025
0.9,0.7,head_on,turn-180,0.5687,0.025
0.95,0.7,head_on,straight,0.0,0.0
0.95,0.7,head_on,turn+30,0.0,0.0
0.95,0.7,head_on,turn+60,0.6915,0.025
0.95,0.7,head_on,turn+90,0.5389,0.025
0.95,0.7,head_on,turn+120,0.4879,0.0
0.95,0.7,head_on,turn+180,0.4157,0.0
0.95,0.7,head_on,turn-30,0.0,0.0
0.95,0.7,head_on,turn-60,1.0,0.025
0.95,0.7,head_on,turn-90,0.9854,0.025
0.95,0.7,head_on,turn-120,0.9538,0.025
0.95,0.7,head_on,turn-180,0.9252,0.075
1.0,0.7,head_on,straight,0.0,0.0
1.0,0.7,head_on,turn+30,0.0,0.0
1.0,0.7,head_on,turn+60,0.5764,0.025
1.0,0.7,head_on,turn+90,0.5259,0.025
1.0,0.7,head_on,turn+120,0.4814,0.0
1.0,0.7,head_on,turn+180,0.4216,0.0
1.0,0.7,head_on,turn-30,0.0,0.0
1.0,0.7,head_on,turn-60,0.9851,0.025
1.0,0.7,head_on,turn-90,0.9793,0.025
1.0,0.7,head_on,turn-120,0.9577,0.025
1.0,0.7,head_on,turn-180,1.0,0.05
1.05,0.7,head_on,straight,0.0,0.0
1.05,0.7,head_on,turn+30,0.0,0.0
1.05,0.7,head_on,turn+60,0.4215,0.0
1.05,0.7,head_on,turn+90,0.3878,0.0
1.05,0.7,head_on,turn+120,0.3589,0.0
1.05,0.7,head_on,turn+180,0.3231,0.0
1.05,0.7,head_on,turn-30,0.0,0.0
1.05,0.7,head_on,turn-60,0.734,0.025
1.05,0.7,head_on,turn-90,0.7361,0.025
1.05,0.7,head_on,turn-120,0.7272,0.025
1.05,0.7,head_on,turn-180,1.0,0.05
1.1,0.7,head_on,straight,0.0,0.0
1.1,0.7,head_on,turn+30,0.0,0.0
1.1,0.7,head_on,turn+60,1.0,0.025
1.1,0.7,head_on,turn+90,0.8622,0.025
1.1,0.7,head_on,turn+120,0.7696,0.025
1.1,0.7,head_on,turn+180,0.7304,0.025
1.1,0.7,head_on,turn-30,0.0,0.0
1.1,0.7,head_on,turn-60,1.0,0.025
1.1,0.7,head_on,turn-90,0.8622,0.025
1.1,0.7,head_on,turn-120,0.7696,0.025
1.1,0.7,head_on,turn-180,0.7304,0.025
1.15,0.7,head_on,straight,0.0,0.0
1.15,0.7,head_on,turn+30,0.0,0.0
1.15,0.7,head_on,turn+60,1.0,0.025
1.15,0.7,head_on,turn+90,0.9724,0.025
1.15,0.7,head_on,turn+120,0.9559,0.025
1.15,0.7,head_on,turn+180,0.9335,0.025
1.15,0.7,head_on,turn-30,0.0,0.0
1.15,0.7,head_on,turn-60,1.0,0.025
1.15,0.7,head_on,turn-90,0.9724,0.025
1.15,0.7,head_on,turn-120,0.9559,0.025
1.15,0.7,head_on,turn-180,0.9335,0.025
1.2,0.7,head_on,straight,0.0,0.0
1.2,0.7,head_on,turn+30,0.0,0.0
1.2,0.7,head_on,turn+60,1.0,0.025
1.2,0.7,head_on,turn+90,0.9949,0.025
1.2,0.7,head_on,turn+120,0.9908,0.025
1.2,0.7,head_on,turn+180,0.9955,0.025
1.2,0.7,head_on,turn-30,0.0,0.0
1.2,0.7,head_on,turn-60,1.0,0.025
1.2,0.7,head_on,turn-90,0.9949,0.025
1.2,0.7,head_on,turn-120,0.9908,0.025
1.2,0.7,head_on,turn-180,0.9955,0.025
1.25,0.7,head_on,straight,0.0,0.0
1.25,0.7,head_on,turn+30,0.0,0.0
1.25,0.7,head_on,turn+60,0.9542,0.025
1.25,0.7,head_on,turn+90,0.9591,0.025
1.25,0.7,head_on,turn+120,0.9675,0.025
1.25,0.7,head_on,turn+180,1.0,0.025
1.25,0.7,head_on,turn-30,0.0,0.0
1.25,0.7,head_on,turn-60,0.9542,0.025
1.25,0.7,head_on,turn-90,0.9591,0.025
1.25,0.7,head_on,turn-120,0.9675,0.025
1.25,0.7,head_on,turn-180,1.0,0.025
1.3,0.7,head_on,straight,0.0,0.0
1.3,0.7,head_on,turn+30,0.0,0.0
1.3,0.7,head_on,turn+60,0.9067,0.025
1.3,0.7,head_on,turn+90,0.9207,0.025
1.3,0.7,head_on,turn+120,0.9405,0.025
1.3,0.7,head_on,turn+180,1.0,0.025
1.3,0.7,head_on,turn-30,0.0,0.0
1.3,0.7,head_on,turn-60,0.9067,0.025
1.3,0.7,head_on,turn-90,0.9207,0.025
1.3,0.7,head_on,turn-120,0.9405,0.025
1.3,0.7,head_on,turn-180,1.0,0.025
1.35,0.7,head_on,straight,0.0,0.0
1.35,0.7,head_on,turn+30,0.0,0.0
1.35,0.7,head_on,turn+60,0.0,0.0
1.35,0.7,head_on,turn+90,0.9663,0.025
1.35,0.7,head_on,turn+120,1.0,0.025
1.35,0.7,head_on,turn+180,0.0,0.0
1.35,0.7,head_on,turn-30,0.0,0.0
1.35,0.7,head_on,turn-60,0.0,0.0
1.35,0.7,head_on,turn-90,0.9663,0.025
1.35,0.7,head_on,turn-120,1.0,0.025
1.35,0.7,head_on,turn-180,0.0,0.0
1.4,0.7,head_on,straight,0.0,0.0
1.4,0.7,head_on,turn+30,0.0,0.0
1.4,0.7,head_on,turn+60,0.0,0.0
1.4,0.7,head_on,turn+90,0.1928,0.0
1.4,0.7,head_on,turn+120,0.1885,0.0
1.4,0.7,head_on,turn+180,0.1906,0.0
1.4,0.7,head_on,turn-30,0.6837,0.025
1.4,0.7,head_on,turn-60,0.0,0.0
1.4,0.7,head_on,turn-90,0.0,0.0
1.4,0.7,head_on,turn-120,0.0,0.0
1.4,0.7,head_on,turn-180,1.0,0.025
1.45,0.7,head_on,straight,0.0,0.0
1.45,0.7,head_on,turn+30,0.0,0.0
1.45,0.7,head_on,turn+60,0.0,0.0
1.45,0.7,head_on,turn+90,0.0,0.0
1.45,0.7,head_on,turn+120,0.0,0.0
1.45,0.7,head_on,turn+180,0.0,0.0
1.45,0.7,head_on,turn-30,0.0,0.0
1.45,0.7,head_on,turn-60,0.9486,0.025
1.45,0.7,head_on,turn-90,1.0,0.025
1.45,0.7,head_on,turn-120,0.9709,0.05
1.45,0.7,head_on,turn-180,0.0,0.0
1.5,0.7,head_on,straight,0.0,0.0
1.5,0.7,head_on,turn+30,0.0,0.0
1.5,0.7,head_on,turn+60,0.0,0.0
1.5,0.7,head_on,turn+90,0.0,0.0
1.5,0.7,head_on,turn+120,0.0,0.0
1.5,0.7,head_on,turn+180,0.0,0.0
1.5,0.7,head_on,turn-30,0.0,0.0
1.5,0.7,head_on,turn-60,0.9377,0.025
1.5,0.7,head_on,turn-90,1.0,0.025
1.5,0.7,head_on,turn-120,0.9829,0.05
1.5,0.7,head_on,turn-180,0.0,0.0
0.75,0.7,parallel,straight,0.2846,0.0
0.75,0.7,parallel,turn+30,0.1,0.0
0.75,0.7,parallel,turn+60,0.1195,0.0
0.75,0.7,parallel,turn+90,0.118,0.0
0.75,0.7,parallel,turn+120,0.118,0.0
0.75,0.7,parallel,turn+180,0.118,0.0
0.75,0.7,parallel,turn-30,0.7318,0.025
0.75,0.7,parallel,turn-60,1.0,0.05
0.75,0.7,parallel,turn-90,0.7195,0.025
0.75,0.7,parallel,turn-120,0.0,0.0
0.75,0.7,parallel,turn-180,0.35,0.0
0.8,0.7,parallel,straight,0.3849,0.0
0.8,0.7,parallel,turn+30,0.1813,0.0
0.8,0.7,parallel,turn+60,0.107,0.0
0.8,0.7,parallel,turn+90,0.1674,0.0
0.8,0.7,parallel,turn+120,0.1246,0.0
0.8,0.7,parallel,turn+180,0.1237,0.0
0.8,0.7,parallel,turn-30,0.3955,0.0
0.8,0.7,parallel,turn-60,1.0,0.025
0.8,0.7,parallel,turn-90,0.0,0.0
0.8,0.7,parallel,turn-120,0.0,0.0
0.8,0.7,parallel,turn-180,0.4787,0.0
0.85,0.7,parallel,straight,0.4395,0.0
0.85,0.7,parallel,turn+30,0.2077,0.0
0.85,0.7,parallel,turn+60,0.1134,0.0
0.85,0.7,parallel,turn+90,0.1428,0.0
0.85,0.7,parallel,turn+120,0.1381,0.0
0.85,0.7,parallel,turn+180,0.1295,0.0
0.85,0.7,parallel,turn-30,0.4182,0.0
0.85,0.7,parallel,turn-60,1.0,0.025
0.85,0.7,parallel,turn-90,0.7338,0.025
0.85,0.7,parallel,turn-120,0.0,0.0
0.85,0.7,parallel,turn-180,0.512,0.025
0.9,0.7,parallel,straight,0.4531,0.0
0.9,0.7,parallel,turn+30,0.2806,0.0
0.9,0.7,parallel,turn+60,0.1096,0.0
0.9,0.7,parallel,turn+90,0.153,0.0
0.9,0.7,parallel,turn+120,0.1389,0.0
0.9,0.7,parallel,turn+180,0.1237,0.0
0.9,0.7,parallel,turn-30,1.0,0.025
0.9,0.7,parallel,turn-60,0.878,0.025
0.9,0.7,parallel,turn-90,0.7061,0.025
0.9,0.7,parallel,turn-120,0.0,0.0
0.9,0.7,parallel,turn-180,0.4975,0.0
0.95,0.7,parallel,straight,0.6095,0.025
0.95,0.7,parallel,turn+30,0.3108,0.0
0.95,0.7,parallel,turn+60,0.1052,0.0
0.95,0.7,parallel,turn+90,0.1545,0.0
0.95,0.7,parallel,turn+120,0.1387,0.0
0.95,0.7,parallel,turn+180,0.1173,0.0
0.95,0.7,parallel,turn-30,1.0,0.025
0.95,0.7,parallel,turn-60,0.7632,0.025
0.95,0.7,parallel,turn-90,0.6708,0.025
0.95,0.7,parallel,turn-120,0.0,0.0
0.95,0.7,parallel,turn-180,0.4783,0.0
1.0,0.7,parallel,straight,0.7002,0.025
1.0,0.7,parallel,turn+30,0.3694,0.0
1.0,0.7,parallel,turn+60,0.1424,0.0
1.0,0.7,parallel,turn+90,0.1617,0.0
1.0,0.7,parallel,turn+120,0.1483,0.0
1.0,0.7,parallel,turn+180,0.1193,0.0
1.0,0.7,parallel,turn-30,1.0,0.025
1.0,0.7,parallel,turn-60,0.761,0.025
1.0,0.7,parallel,turn-90,0.6792,0.025
1.0,0.7,parallel,turn-120,0.0,0.0
1.0,0.7,parallel,turn-180,0.4915,0.0
1.05,0.7,parallel,straight,0.1947,0.0
1.05,0.7,parallel,turn+30,0.1938,0.0
1.05,0.7,parallel,turn+60,0.1948,0.0
1.05,0.7,parallel,turn+90,0.1983,0.0
1.05,0.7,parallel,turn+120,0.1298,0.0
1.05,0.7,parallel,turn+180,0.3623,0.0
1.05,0.7,parallel,turn-30,0.1971,0.0
1.05,0.7,parallel,turn-60,0.0,0.0
1.05,0.7,parallel,turn-90,1.0,0.025
1.05,0.7,parallel,turn-120,0.0,0.0
1.05,0.7,parallel,turn-180,0.7525,0.05
1.1,0.7,parallel,straight,0.1894,0.0
1.1,0.7,parallel,turn+30,0.1913,0.0
1.1,0.7,parallel,turn+60,0.2077,0.0
1.1,0.7,parallel,turn+90,0.2402,0.0
1.1,0.7,parallel,turn+120,0.1351,0.0
1.1,0.7,parallel,turn+180,0.3609,0.0
1.1,0.7,parallel,turn-30,0.1889,0.0
1.1,0.7,parallel,turn-60,1.0,0.025
1.1,0.7,parallel,turn-90,0.9761,0.025
1.1,0.7,parallel,turn-120,0.0,0.0
1.1,0.7,parallel,turn-180,0.7122,0.05
1.15,0.7,parallel,straight,0.1908,0.0
1.15,0.7,parallel,turn+30,0.2091,0.0
1.15,0.7,parallel,turn+60,0.2478,0.0
1.15,0.7,parallel,turn+90,0.275,0.0
1.15,0.7,parallel,turn+120,0.1386,0.0
1.15,0.7,parallel,turn+180,0.4186,0.0
1.15,0.7,parallel,turn-30,0.0,0.0
1.15,0.7,parallel,turn-60,1.0,0.025
1.15,0.7,parallel,turn-90,0.9907,0.025
1.15,0.7,parallel,turn-120,0.0,0.0
1.15,0.7,parallel,turn-180,0.6989,0.05
1.2,0.7,parallel,straight,0.1904,0.0
1.2,0.7,parallel,turn+30,0.2293,0.0
1.2,0.7,parallel,turn+60,0.2721,0.0
1.2,0.7,parallel,turn+90,0.2947,0.0
1.2,0.7,parallel,turn+120,0.1409,0.0
1.2,0.7,parallel,turn+180,0.4323,0.0
1.2,0.7,parallel,turn-30,0.8853,0.025
1.2,0.7,parallel,turn-60,0.995,0.025
1.2,0.7,parallel,turn-90,1.0,0.025
1.2,0.7,parallel,turn-120,0.0,0.0
1.2,0.7,parallel,turn-180,0.6805,0.05
1.25,0.7,parallel,straight,0.1911,0.0
1.25,0.7,parallel,turn+30,0.249,0.0
1.25,0.7,parallel,turn+60,0.2887,0.0
1.25,0.7,parallel,turn+90,0.3179,0.0
1.25,0.7,parallel,turn+120,0.1443,0.0
1.25,0.7,parallel,turn+180,0.5069,0.025
1.25,0.7,parallel,turn-30,0.9666,0.025
1.25,0.7,parallel,turn-60,1.0,0.025
1.25,0.7,parallel,turn-90,0.0,0.0
1.25,0.7,parallel,turn-120,0.0,0.0
1.25,0.7,parallel,turn-180,0.5907,0.05
1.3,0.7,parallel,straight,0.7555,0.025
1.3,0.7,parallel,turn+30,0.2607,0.0
1.3,0.7,parallel,turn+60,0.299,0.0
1.3,0.7,parallel,turn+90,0.3378,0.0
1.3,0.7,parallel,turn+120,0.1448,0.0
1.3,0.7,parallel,turn+180,0.5544,0.025
1.3,0.7,parallel,turn-30,1.0,0.025
1.3,0.7,parallel,turn-60,0.9883,0.025
1.3,0.7,parallel,turn-90,0.0,0.0
1.3,0.7,parallel,turn-120,0.0,0.0
1.3,0.7,parallel,turn-180,0.5704,0.025
1.35,0.7,parallel,straight,0.8334,0.025
1.35,0.7,parallel,turn+30,0.2681,0.0
1.35,0.7,parallel,turn+60,0.3163,0.0
1.35,0.7,parallel,turn+90,0.1573,0.0
1.35,0.7,parallel,turn+120,0.1484,0.0
1.35,0.7,parallel,turn+180,0.589,0.025
1.35,0.7,parallel,turn-30,0.9977,0.025
1.35,0.7,parallel,turn-60,1.0,0.025
1.35,0.7,parallel,turn-90,0.0,0.0
1.35,0.7,parallel,turn-120,0.0,0.0
1.35,0.7,parallel,turn-180,0.5762,0.025
1.4,0.7,parallel,straight,0.9325,0.025
1.4,0.7,parallel,turn+30,0.7362,0.025
1.4,0.7,parallel,turn+60,0.2349,0.0
1.4,0.7,parallel,turn+90,0.1592,0.0
1.4,0.7,parallel,turn+120,0.1499,0.0
1.4,0.7,parallel,turn+180,0.5907,0.025
1.4,0.7,parallel,turn-30,0.9838,0.025
1.4,0.7,parallel,turn-60,1.0,0.025
1.4,0.7,parallel,turn-90,0.0,0.0
1.4,0.7,parallel,turn-120,0.0,0.0
1.4,0.7,parallel,turn-180,0.5735,0.025
1.45,0.7,parallel,straight,1.0,0.025
1.45,0.7,parallel,turn+30,0.7559,0.025
1.45,0.7,parallel,turn+60,0.2388,0.0
1.45,0.7,parallel,turn+90,0.179,0.0
1.45,0.7,parallel,turn+120,0.1531,0.0
1.45,0.7,parallel,turn+180,0.5743,0.025
1.45,0.7,parallel,turn-30,0.9841,0.025
1.45,0.7,parallel,turn-60,0.9485,0.025
1.45,0.7,parallel,turn-90,0.0,0.0
1.45,0.7,parallel,turn-120,0.0,0.0
1.45,0.7,parallel,turn-180,0.5773,0.025
1.5,0.7,parallel,straight,1.0,0.025
1.5,0.7,parallel,turn+30,0.8512,0.025
1.5,0.7,parallel,turn+60,0.2459,0.0
1.5,0.7,parallel,turn+90,0.2194,0.0
1.5,0.7,parallel,turn+120,0.158,0.0
1.5,0.7,parallel,turn+180,0.5388,0.025
1.5,0.7,parallel,turn-30,0.9976,0.025
1.5,0.7,parallel,turn-60,0.8887,0.025
1.5,0.7,parallel,turn-90,0.0,0.0
1.5,0.7,parallel,turn-120,0.0,0.0
1.5,0.7,parallel,turn-180,0.5868,0.025
0.75,0.7,crossing,straight,0.4068,0.0
0.75,0.7,crossing,turn+30,0.4183,0.0
0.75,0.7,crossing,turn+60,0.4157,0.0
0.75,0.7,crossing,turn+90,0.0,0.0
0.75,0.7,crossing,turn+120,0.7876,0.025
0.75,0.7,crossing,turn+180,1.0,0.025
0.75,0.7,crossing,turn-30,0.3834,0.0
0.75,0.7,crossing,turn-60,0.4572,0.0
0.75,0.7,crossing,turn-90,0.3913,0.0
0.75,0.7,crossing,turn-120,0.3302,0.0
0.75,0.7,crossing,turn-180,0.2418,0.0
0.8,0.7,crossing,straight,0.3897,0.0
0.8,0.7,crossing,turn+30,0.3904,0.0
0.8,0.7,crossing,turn+60,0.3832,0.0
0.8,0.7,crossing,turn+90,0.0,0.0
0.8,0.7,crossing,turn+120,0.8348,0.025
0.8,0.7,crossing,turn+180,1.0,0.025
0.8,0.7,crossing,turn-30,0.542,0.025
0.8,0.7,crossing,turn-60,0.4647,0.0
0.8,0.7,crossing,turn-90,0.4017,0.0
0.8,0.7,crossing,turn-120,0.3586,0.0
0.8,0.7,crossing,turn-180,0.2533,0.0
0.85,0.7,crossing,straight,0.3637,0.0
0.85,0.7,crossing,turn+30,0.3548,0.0
0.85,0.7,crossing,turn+60,1.0,0.025
0.85,0.7,crossing,turn+90,0.0,0.0
0.85,0.7,crossing,turn+120,0.8641,0.025
0.85,0.7,crossing,turn+180,0.9776,0.025
0.85,0.7,crossing,turn-30,0.5306,0.025
0.85,0.7,crossing,turn-60,0.4613,0.0
0.85,0.7,crossing,turn-90,0.403,0.0
0.85,0.7,crossing,turn-120,0.3647,0.0
0.85,0.7,crossing,turn-180,0.2834,0.0
0.9,0.7,crossing,straight,0.7469,0.025
0.9,0.7,crossing,turn+30,0.948,0.025
0.9,0.7,crossing,turn+60,1.0,0.025
0.9,0.7,crossing,turn+90,0.0,0.0
0.9,0.7,crossing,turn+120,0.9285,0.025
0.9,0.7,crossing,turn+180,0.9942,0.025
0.9,0.7,crossing,turn-30,0.5399,0.025
0.9,0.7,crossing,turn-60,0.476,0.0
0.9,0.7,crossing,turn-90,0.4212,0.0
0.9,0.7,crossing,turn-120,0.3854,0.0
0.9,0.7,crossing,turn-180,0.3575,0.0
0.95,0.7,crossing,straight,0.6818,0.025
0.95,0.7,crossing,turn+30,0.9435,0.025
0.95,0.7,crossing,turn+60,0.9898,0.025
0.95,0.7,crossing,turn+90,0.0,0.0
0.95,0.7,crossing,turn+120,0.0,0.0
0.95,0.7,crossing,turn+180,1.0,0.025
0.95,0.7,crossing,turn-30,0.543,0.025
0.95,0.7,crossing,turn-60,0.4855,0.0
0.95,0.7,crossing,turn-90,0.4362,0.0
0.95,0.7,crossing,turn-120,0.4027,0.0
0.95,0.7,crossing,turn-180,0.3905,0.0
1.0,0.7,crossing,straight,0.603,0.025
1.0,0.7,crossing,turn+30,0.9342,0.025
1.0,0.7,crossing,turn+60,0.9748,0.025
1.0,0.7,crossing,turn+90,0.0,0.0
1.0,0.7,crossing,turn+120,0.0,0.0
1.0,0.7,crossing,turn+180,1.0,0.025
1.0,0.7,crossing,turn-30,0.5424,0.025
1.0,0.7,crossing,turn-60,0.4918,0.0
1.0,0.7,crossing,turn-90,0.4487,0.0
1.0,0.7,crossing,turn-120,0.4487,0.0
1.0,0.7,crossing,turn-180,0.4205,0.0
1.05,0.7,crossing,straight,0.9972,0.05
1.05,0.7,crossing,turn+30,1.0,0.025
1.05,0.7,crossing,turn+60,0.9754,0.025
1.05,0.7,crossing,turn+90,0.2171,0.0
1.05,0.7,crossing,turn+120,0.0,0.0
1.05,0.7,crossing,turn+180,0.5036,0.025
1.05,0.7,crossing,turn-30,0.9677,0.05
1.05,0.7,crossing,turn-60,0.9489,0.075
1.05,0.7,crossing,turn-90,0.562,0.025
1.05,0.7,crossing,turn-120,0.4314,0.0
1.05,0.7,crossing,turn-180,0.2398,0.0
1.1,0.7,crossing,straight,0.8593,0.025
1.1,0.7,crossing,turn+30,0.8537,0.025
1.1,0.7,crossing,turn+60,0.8282,0.025
1.1,0.7,crossing,turn+90,0.1799,0.0
1.1,0.7,crossing,turn+120,0.0,0.0
1.1,0.7,crossing,turn+180,0.4253,0.0
1.1,0.7,crossing,turn-30,0.8428,0.05
1.1,0.7,crossing,turn-60,1.0,0.05
1.1,0.7,crossing,turn-90,0.6824,0.025
1.1,0.7,crossing,turn-120,0.4018,0.0
1.1,0.7,crossing,turn-180,0.2122,0.0
1.15,0.7,crossing,straight,1.0,0.025
1.15,0.7,crossing,turn+30,0.9851,0.025
1.15,0.7,crossing,turn+60,0.9503,0.025
1.15,0.7,crossing,turn+90,0.2012,0.0
1.15,0.7,crossing,turn+120,0.0,0.0
1.15,0.7,crossing,turn+180,0.4848,0.0
1.15,0.7,crossing,turn-30,0.9912,0.05
1.15,0.7,crossing,turn-60,0.9612,0.025
1.15,0.7,crossing,turn-90,0.9159,0.025
1.15,0.7,crossing,turn-120,0.5034,0.025
1.15,0.7,crossing,turn-180,0.2536,0.0
1.2,0.7,crossing,straight,0.7812,0.025
1.2,0.7,crossing,turn+30,0.763,0.025
1.2,0.7,crossing,turn+60,0.733,0.025
1.2,0.7,crossing,turn+90,0.132,0.0
1.2,0.7,crossing,turn+120,0.0,0.0
1.2,0.7,crossing,turn+180,0.3704,0.0
1.2,0.7,crossing,turn-30,0.7823,0.025
1.2,0.7,crossing,turn-60,1.0,0.05
1.2,0.7,crossing,turn-90,0.7483,0.025
1.2,0.7,crossing,turn-120,0.4221,0.0
1.2,0.7,crossing,turn-180,0.2079,0.0
1.25,0.7,crossing,straight,0.3791,0.0
1.25,0.7,crossing,turn+30,0.3958,0.0
1.25,0.7,crossing,turn+60,0.4141,0.0
1.25,0.7,crossing,turn+90,0.0,0.0
1.25,0.7,crossing,turn+120,0.0,0.0
1.25,0.7,crossing,turn+180,0.6882,0.025
1.25,0.7,crossing,turn-30,0.365,0.0
1.25,0.7,crossing,turn-60,0.3545,0.0
1.25,0.7,crossing,turn-90,0.3487,0.0
1.25,0.7,crossing,turn-120,1.0,0.025
1.25,0.7,crossing,turn-180,0.3896,0.0
1.3,0.7,crossing,straight,0.548,0.025
1.3,0.7,crossing,turn+30,0.5674,0.025
1.3,0.7,crossing,turn+60,0.5908,0.025
1.3,0.7,crossing,turn+90,0.0,0.0
1.3,0.7,crossing,turn+120,0.0,0.0
1.3,0.7,crossing,turn+180,1.0,0.05
1.3,0.7,crossing,turn-30,0.5337,0.025
1.3,0.7,crossing,turn-60,0.5257,0.025
1.3,0.7,crossing,turn-90,0.5248,0.025
1.3,0.7,crossing,turn-120,0.5318,0.025
1.3,0.7,crossing,turn-180,0.5942,0.05
1.35,0.7,crossing,straight,0.5203,0.025
1.35,0.7,crossing,turn+30,0.5344,0.025
1.35,0.7,crossing,turn+60,0.5541,0.025
1.35,0.7,crossing,turn+90,0.0,0.0
1.35,0.7,crossing,turn+120,0.0,0.0
1.35,0.7,crossing,turn+180,1.0,0.025
1.35,0.7,crossing,turn-30,0.5127,0.025
1.35,0.7,crossing,turn-60,0.5121,0.025
1.35,0.7,crossing,turn-90,0.519,0.025
1.35,0.7,crossing,turn-120,0.5335,0.05
1.35,0.7,crossing,turn-180,0.591,0.025
1.4,0.7,crossing,straight,0.3276,0.0
1.4,0.7,crossing,turn+30,0.3337,0.0
1.4,0.7,crossing,turn+60,0.1162,0.0
1.4,0.7,crossing,turn+90,0.0,0.0
1.4,0.7,crossing,turn+120,0.0,0.0
1.4,0.7,crossing,turn+180,0.665,0.025
1.4,0.7,crossing,turn-30,0.3267,0.0
1.4,0.7,crossing,turn-60,0.331,0.0
1.4,0.7,crossing,turn-90,0.3405,0.0
1.4,0.7,crossing,turn-120,0.3551,0.0
1.4,0.7,crossing,turn-180,1.0,0.025
1.45,0.7,crossing,straight,0.3213,0.0
1.45,0.7,crossing,turn+30,0.3245,0.0
1.45,0.7,crossing,turn+60,0.1195,0.0
1.45,0.7,crossing,turn+90,0.0,0.0
1.45,0.7,crossing,turn+120,0.0,0.0
1.45,0.7,crossing,turn+180,0.6905,0.025
1.45,0.7,crossing,turn-30,0.3243,0.0
1.45,0.7,crossing,turn-60,0.3333,0.0
1.45,0.7,crossing,turn-90,0.3481,0.0
1.45,0.7,crossing,turn-120,0.7818,0.025
1.45,0.7,crossing,turn-180,1.0,0.025
1.5,0.7,crossing,straight,0.3155,0.0
1.5,0.7,crossing,turn+30,0.3159,0.0
1.5,0.7,crossing,turn+60,0.1228,0.0
1.5,0.7,crossing,turn+90,0.0,0.0
1.5,0.7,crossing,turn+120,0.0,0.0
1.5,0.7,crossing,turn+180,0.7262,0.025
1.5,0.7,crossing,turn-30,0.3211,0.0
1.5,0.7,crossing,turn-60,0.3344,0.0
1.5,0.7,crossing,turn-90,0.3547,0.0
1.5,0.7,crossing,turn-120,0.3808,0.0
1.5,0.7,crossing,turn-180,1.0,0.025
0.75,1.0,head_on,straight,0.0,0.0
0.75,1.0,head_on,turn+30,0.0,0.0
0.75,1.0,head_on,turn+60,0.0,0.0
0.75,1.0,head_on,turn+90,0.4141,0.0
0.75,1.0,head_on,turn+120,0.354,0.0
0.75,1.0,head_on,turn+180,0.2729,0.0
0.75,1.0,head_on,turn-30,0.9871,0.025
0.75,1.0,head_on,turn-60,1.0,0.025
0.75,1.0,head_on,turn-90,0.7857,0.025
0.75,1.0,head_on,turn-120,0.7191,0.025
0.75,1.0,head_on,turn-180,0.2088,0.0
0.8,1.0,head_on,straight,0.0,0.0
0.8,1.0,head_on,turn+30,1.0,0.025
0.8,1.0,head_on,turn+60,0.9583,0.025
0.8,1.0,head_on,turn+90,0.9028,0.025
0.8,1.0,head_on,turn+120,0.6282,0.025
0.8,1.0,head_on,turn+180,0.4595,0.0
0.8,1.0,head_on,turn-30,1.0,0.025
0.8,1.0,head_on,turn-60,0.9583,0.025
0.8,1.0,head_on,turn-90,0.9028,0.025
0.8,1.0,head_on,turn-120,0.6282,0.025
0.8,1.0,head_on,turn-180,0.4595,0.0
0.85,1.0,head_on,straight,0.0,0.0
0.85,1.0,head_on,turn+30,0.0,0.0
0.85,1.0,head_on,turn+60,1.0,0.025
0.85,1.0,head_on,turn+90,0.9502,0.025
0.85,1.0,head_on,turn+120,0.675,0.025
0.85,1.0,head_on,turn+180,0.502,0.025
0.85,1.0,head_on,turn-30,0.0,0.0
0.85,1.0,head_on,turn-60,1.0,0.025
0.85,1.0,head_on,turn-90,0.9502,0.025
0.85,1.0,head_on,turn-120,0.675,0.025
0.85,1.0,head_on,turn-180,0.502,0.025
0.9,1.0,head_on,straight,0.0,0.0
0.9,1.0,head_on,turn+30,0.0,0.0
0.9,1.0,head_on,turn+60,1.0,0.025
0.9,1.0,head_on,turn+90,0.958,0.025
0.9,1.0,head_on,turn+120,0.6834,0.025
0.9,1.0,head_on,turn+180,0.5246,0.025
0.9,1.0,head_on,turn-30,0.0,0.0
0.9,1.0,head_on,turn-60,1.0,0.025
0.9,1.0,head_on,turn-90,0.958,0.025
0.9,1.0,head_on,turn-120,0.6834,0.025
0.9,1.0,head_on,turn-180,0.5246,0.025
0.95,1.0,head_on,straight,0.0,0.0
0.95,1.0,head_on,turn+30,0.0,0.0
0.95,1.0,head_on,turn+60,1.0,0.025
0.95,1.0,head_on,turn+90,0.9654,0.025
0.95,1.0,head_on,turn+120,0.6802,0.025
0.95,1.0,head_on,turn+180,0.5473,0.025
0.95,1.0,head_on,turn-30,0.0,0.0
0.95,1.0,head_on,turn-60,1.0,0.025
0.95,1.0,head_on,turn-90,0.9654,0.025
0.95,1.0,head_on,turn-120,0.6802,0.025
0.95,1.0,head_on,turn-180,0.5473,0.025
1.0,1.0,head_on,straight,0.0,0.0
1.0,1.0,head_on,turn+30,0.0,0.0
1.0,1.0,head_on,turn+60,1.0,0.025
1.0,1.0,head_on,turn+90,0.9086,0.025
1.0,1.0,head_on,turn+120,0.6645,0.025
1.0,1.0,head_on,turn+180,0.5698,0.025
1.0,1.0,head_on,turn-30,0.0,0.0
1.0,1.0,head_on,turn-60,1.0,0.025
1.0,1.0,head_on,turn-90,0.9086,0.025
1.0,1.0,head_on,turn-120,0.6645,0.025
1.0,1.0,head_on,turn-180,0.5698,0.025
1.05,1.0,head_on,straight,0.0,0.0
1.05,1.0,head_on,turn+30,0.0,0.0
1.05,1.0,head_on,turn+60,1.0,0.025
1.05,1.0,head_on,turn+90,0.8326,0.025
1.05,1.0,head_on,turn+120,0.6489,0.025
1.05,1.0,head_on,turn+180,0.5987,0.025
1.05,1.0,head_on,turn-30,0.0,0.0
1.05,1.0,head_on,turn-60,1.0,0.025
1.05,1.0,head_on,turn-90,0.8326,0.025
1.05,1.0,head_on,turn-120,0.6489,0.025
1.05,1.0,head_on,turn-180,0.5987,0.025
1.1,1.0,head_on,straight,0.0,0.0
1.1,1.0,head_on,turn+30,0.0,0.0
1.1,1.0,head_on,turn+60,1.0,0.025
1.1,1.0,head_on,turn+90,0.8622,0.025
1.1,1.0,head_on,turn+120,0.7696,0.025
1.1,1.0,head_on,turn+180,0.7304,0.025
1.1,1.0,head_on,turn-30,0.0,0.0
1.1,1.0,head_on,turn-60,1.0,0.025
1.1,1.0,head_on,turn-90,0.8622,0.025
1.1,1.0,head_on,turn-120,0.7696,0.025
1.1,1.0,head_on,turn-180,0.7304,0.025
1.15,1.0,head_on,straight,0.0,0.0
1.15,1.0,head_on,turn+30,0.0,0.0
1.15,1.0,head_on,turn+60,1.0,0.025
1.15,1.0,head_on,turn+90,0.9724,0.025
1.15,1.0,head_on,turn+120,0.9559,0.025
1.15,1.0,head_on,turn+180,0.9335,0.025
1.15,1.0,head_on,turn-30,0.0,0.0
1.15,1.0,head_on,turn-60,1.0,0.025
1.15,1.0,head_on,turn-90,0.9724,0.025
1.15,1.0,head_on,turn-120,0.9559,0.025
1.15,1.0,head_on,turn-180,0.9335,0.025
1.2,1.0,head_on,straight,0.0,0.0
1.2,1.0,head_on,turn+30,0.0,0.0
1.2,1.0,head_on,turn+60,1.0,0.025
1.2,1.0,head_on,turn+90,0.9949,0.025
1.2,1.0,head_on,turn+120,0.9908,0.025
1.2,1.0,head_on,turn+180,0.9955,0.025
1.2,1.0,head_on,turn-30,0.0,0.0
1.2,1.0,head_on,turn-60,1.0,0.025
1.2,1.0,head_on,turn-90,0.9949,0.025
1.2,1.0,head_on,turn-120,0.9908,0.025
1.2,1.0,head_on,turn-180,0.9955,0.025
1.25,1.0,head_on,straight,0.0,0.0
1.25,1.0,head_on,turn+30,0.0,0.0
1.25,1.0,head_on,turn+60,0.0,0.0
1.25,1.0,head_on,turn+90,0.2236,0.0
1.25,1.0,head_on,turn+120,0.2236,0.0
1.25,1.0,head_on,turn+180,0.0,0.0
1.25,1.0,head_on,turn-30,0.715,0.025
1.25,1.0,head_on,turn-60,0.9944,0.025
1.25,1.0,head_on,turn-90,1.0,0.025
1.25,1.0,head_on,turn-120,0.9867,0.025
1.25,1.0,head_on,turn-180,0.0,0.0
1.3,1.0,head_on,straight,0.0,0.0
1.3,1.0,head_on,turn+30,0.0,0.0
1.3,1.0,head_on,turn+60,0.0,0.0
1.3,1.0,head_on,turn+90,0.2234,0.0
1.3,1.0,head_on,turn+120,0.2234,0.0
1.3,1.0,head_on,turn+180,0.0,0.0
1.3,1.0,head_on,turn-30,0.5834,0.025
1.3,1.0,head_on,turn-60,0.9921,0.025
1.3,1.0,head_on,turn-90,1.0,0.025
1.3,1.0,head_on,turn-120,0.989,0.025
1.3,1.0,head_on,turn-180,0.0,0.0
1.35,1.0,head_on,straight,0.0,0.0
1.35,1.0,head_on,turn+30,0.0,0.0
1.35,1.0,head_on,turn+60,0.0,0.0
1.35,1.0,head_on,turn+90,0.2234,0.0
1.35,1.0,head_on,turn+120,0.2234,0.0
1.35,1.0,head_on,turn+180,0.0,0.0
1.35,1.0,head_on,turn-30,0.5432,0.025
1.35,1.0,head_on,turn-60,0.9898,0.025
1.35,1.0,head_on,turn-90,1.0,0.025
1.35,1.0,head_on,turn-120,0.9913,0.025
1.35,1.0,head_on,turn-180,0.0,0.0
1.4,1.0,head_on,straight,0.0,0.0
1.4,1.0,head_on,turn+30,0.0,0.0
1.4,1.0,head_on,turn+60,0.0,0.0
1.4,1.0,head_on,turn+90,0.2235,0.0
1.4,1.0,head_on,turn+120,0.2235,0.0
1.4,1.0,head_on,turn+180,0.0,0.0
1.4,1.0,head_on,turn-30,0.5032,0.025
1.4,1.0,head_on,turn-60,0.9875,0.025
1.4,1.0,head_on,turn-90,1.0,0.025
1.4,1.0,head_on,turn-120,0.9936,0.025
1.4,1.0,head_on,turn-180,0.0,0.0
1.45,1.0,head_on,straight,0.0,0.0
1.45,1.0,head_on,turn+30,0.0,0.0
1.45,1.0,head_on,turn+60,0.0,0.0
1.45,1.0,head_on,turn+90,0.2238,0.0
1.45,1.0,head_on,turn+120,0.2238,0.0
1.45,1.0,head_on,turn+180,0.0,0.0
1.45,1.0,head_on,turn-30,0.4635,0.0
1.45,1.0,head_on,turn-60,0.9852,0.025
1.45,1.0,head_on,turn-90,1.0,0.025
1.45,1.0,head_on,turn-120,0.996,0.025
1.45,1.0,head_on,turn-180,0.0,0.0
1.5,1.0,head_on,straight,0.0,0.0
1.5,1.0,head_on,turn+30,0.0,0.0
1.5,1.0,head_on,turn+60,0.0,0.0
1.5,1.0,head_on,turn+90,0.2242,0.0
1.5,1.0,head_on,turn+120,0.2242,0.0
1.5,1.0,head_on,turn+180,0.0,0.0
1.5,1.0,head_on,turn-30,0.4237,0.0
1.5,1.0,head_on,turn-60,0.9829,0.025
1.5,1.0,head_on,turn-90,1.0,0.025
1.5,1.0,head_on,turn-120,0.9983,0.025
1.5,1.0,head_on,turn-180,0.0,0.0
0.75,1.0,parallel,straight,0.3443,0.0
0.75,1.0,parallel,turn+30,0.1171,0.0
0.75,1.0,parallel,turn+60,0.0992,0.0
0.75,1.0,parallel,turn+90,0.153,0.0
0.75,1.0,parallel,turn+120,0.1171,0.0
0.75,1.0,parallel,turn+180,0.1171,0.0
0.75,1.0,parallel,turn-30,0.391,0.0
0.75,1.0,parallel,turn-60,1.0,0.025
0.75,1.0,parallel,turn-90,0.0,0.0
0.75,1.0,parallel,turn-120,0.0,0.0
0.75,1.0,parallel,turn-180,0.4281,0.0
0.8,1.0,parallel,straight,0.3804,0.0
0.8,1.0,parallel,turn+30,0.1573,0.0
0.8,1.0,parallel,turn+60,0.1005,0.0
0.8,1.0,parallel,turn+90,0.1561,0.0
0.8,1.0,parallel,turn+120,0.117,0.0
0.8,1.0,parallel,turn+180,0.117,0.0
0.8,1.0,parallel,turn-30,0.4003,0.0
0.8,1.0,parallel,turn-60,1.0,0.025
0.8,1.0,parallel,turn-90,0.0,0.0
0.8,1.0,parallel,turn-120,0.0,0.0
0.8,1.0,parallel,turn-180,0.4383,0.0
0.85,1.0,parallel,straight,0.4132,0.0
0.85,1.0,parallel,turn+30,0.1751,0.0
0.85,1.0,parallel,turn+60,0.1012,0.0
0.85,1.0,parallel,turn+90,0.1168,0.0
0.85,1.0,parallel,turn+120,0.1172,0.0
0.85,1.0,parallel,turn+180,0.1162,0.0
0.85,1.0,parallel,turn-30,0.4031,0.0
0.85,1.0,parallel,turn-60,1.0,0.025
0.85,1.0,parallel,turn-90,0.6515,0.025
0.85,1.0,parallel,turn-120,0.0,0.0
0.85,1.0,parallel,turn-180,0.4442,0.0
0.9,1.0,parallel,straight,0.5549,0.025
0.9,1.0,parallel,turn+30,0.2844,0.0
0.9,1.0,parallel,turn+60,0.1028,0.0
0.9,1.0,parallel,turn+90,0.1301,0.0
0.9,1.0,parallel,turn+120,0.1238,0.0
0.9,1.0,parallel,turn+180,0.1168,0.0
0.9,1.0,parallel,turn-30,1.0,0.025
0.9,1.0,parallel,turn-60,0.9413,0.025
0.9,1.0,parallel,turn-90,0.6588,0.025
0.9,1.0,parallel,turn-120,0.0,0.0
0.9,1.0,parallel,turn-180,0.4534,0.0
0.95,1.0,parallel,straight,0.6998,0.025
0.95,1.0,parallel,turn+30,0.3452,0.0
0.95,1.0,parallel,turn+60,0.1065,0.0
0.95,1.0,parallel,turn+90,0.1473,0.0
0.95,1.0,parallel,turn+120,0.1325,0.0
0.95,1.0,parallel,turn+180,0.1196,0.0
0.95,1.0,parallel,turn-30,1.0,0.025
0.95,1.0,parallel,turn-60,0.8585,0.025
0.95,1.0,parallel,turn-90,0.6751,0.025
0.95,1.0,parallel,turn-120,0.0,0.0
0.95,1.0,parallel,turn-180,0.47,0.0
1.0,1.0,parallel,straight,0.0,0.0
1.0,1.0,parallel,turn+30,0.0,0.0
1.0,1.0,parallel,turn+60,0.0,0.0
1.0,1.0,parallel,turn+90,0.4231,0.0
1.0,1.0,parallel,turn+120,0.4231,0.0
1.0,1.0,parallel,turn+180,0.4231,0.0
1.0,1.0,parallel,turn-30,0.0,0.0
1.0,1.0,parallel,turn-60,0.9358,0.025
1.0,1.0,parallel,turn-90,0.9533,0.025
1.0,1.0,parallel,turn-120,1.0,0.025
1.0,1.0,parallel,turn-180,0.8496,0.025
1.05,1.0,parallel,straight,0.0,0.0
1.05,1.0,parallel,turn+30,0.0,0.0
1.05,1.0,parallel,turn+60,0.0,0.0
1.05,1.0,parallel,turn+90,0.4493,0.0
1.05,1.0,parallel,turn+120,0.4493,0.0
1.05,1.0,parallel,turn+180,0.4493,0.0
1.05,1.0,parallel,turn-30,0.0,0.0
1.05,1.0,parallel,turn-60,0.9155,0.025
1.05,1.0,parallel,turn-90,0.9669,0.025
1.05,1.0,parallel,turn-120,1.0,0.025
1.05,1.0,parallel,turn-180,0.885,0.025
1.1,1.0,parallel,straight,0.0,0.0
1.1,1.0,parallel,turn+30,0.0,0.0
1.1,1.0,parallel,turn+60,0.0,0.0
1.1,1.0,parallel,turn+90,0.4798,0.0
1.1,1.0,parallel,turn+120,0.4798,0.0
1.1,1.0,parallel,turn+180,0.4798,0.0
1.1,1.0,parallel,turn-30,0.0,0.0
1.1,1.0,parallel,turn-60,0.8886,0.025
1.1,1.0,parallel,turn-90,0.9809,0.025
1.1,1.0,parallel,turn-120,1.0,0.025
1.1,1.0,parallel,turn-180,0.9258,0.025
1.15,1.0,parallel,straight,0.0,0.0
1.15,1.0,parallel,turn+30,0.0,0.0
1.15,1.0,parallel,turn+60,0.0,0.0
1.15,1.0,parallel,turn+90,0.5157,0.525
1.15,1.0,parallel,turn+120,0.5157,0.075
1.15,1.0,parallel,turn+180,0.5157,0.025
1.15,1.0,parallel,turn-30,0.0,0.0
1.15,1.0,parallel,turn-60,0.8544,0.025
1.15,1.0,parallel,turn-90,0.9959,0.025
1.15,1.0,parallel,turn-120,1.0,0.025
1.15,1.0,parallel,turn-180,0.9735,0.025
1.2,1.0,parallel,straight,0.0,0.0
1.2,1.0,parallel,turn+30,0.0,0.0
1.2,1.0,parallel,turn+60,0.0,0.0
1.2,1.0,parallel,turn+90,0.5422,0.375
1.2,1.0,parallel,turn+120,0.5422,0.075
1.2,1.0,parallel,turn+180,0.5422,0.025
1.2,1.0,parallel,turn-30,0.0,0.0
1.2,1.0,parallel,turn-60,0.8056,0.025
1.2,1.0,parallel,turn-90,0.9829,0.025
1.2,1.0,parallel,turn-120,0.9712,0.025
1.2,1.0,parallel,turn-180,1.0,0.025
1.25,1.0,parallel,straight,0.0,0.0
1.25,1.0,parallel,turn+30,0.0,0.0
1.25,1.0,parallel,turn+60,0.0,0.0
1.25,1.0,parallel,turn+90,0.5558,0.275
1.25,1.0,parallel,turn+120,0.5558,0.05
1.25,1.0,parallel,turn+180,0.5558,0.025
1.25,1.0,parallel,turn-30,0.0,0.0
1.25,1.0,parallel,turn-60,0.0,0.0
1.25,1.0,parallel,turn-90,0.9388,0.025
1.25,1.0,parallel,turn-120,0.0,0.0
1.25,1.0,parallel,turn-180,1.0,0.025
1.3,1.0,parallel,straight,0.0,0.0
1.3,1.0,parallel,turn+30,0.0,0.0
1.3,1.0,parallel,turn+60,0.0,0.0
1.3,1.0,parallel,turn+90,0.5707,0.225
1.3,1.0,parallel,turn+120,0.5707,0.05
1.3,1.0,parallel,turn+180,0.5707,0.025
1.3,1.0,parallel,turn-30,0.0,0.0
1.3,1.0,parallel,turn-60,0.0,0.0
1.3,1.0,parallel,turn-90,0.8982,0.025
1.3,1.0,parallel,turn-120,0.0,0.0
1.3,1.0,parallel,turn-180,1.0,0.025
1.35,1.0,parallel,straight,0.0,0.0
1.35,1.0,parallel,turn+30,0.0,0.0
1.35,1.0,parallel,turn+60,0.0,0.0
1.35,1.0,parallel,turn+90,0.5869,0.175
1.35,1.0,parallel,turn+120,0.5869,0.05
1.35,1.0,parallel,turn+180,0.5869,0.025
1.35,1.0,parallel,turn-30,0.0,0.0
1.35,1.0,parallel,turn-60,0.6688,0.025
1.35,1.0,parallel,turn-90,0.8609,0.025
1.35,1.0,parallel,turn-120,0.0,0.0
1.35,1.0,parallel,turn-180,1.0,0.025
1.4,1.0,parallel,straight,0.0,0.0
1.4,1.0,parallel,turn+30,0.0,0.0
1.4,1.0,parallel,turn+60,0.0,0.0
1.4,1.0,parallel,turn+90,0.6045,0.15
1.4,1.0,parallel,turn+120,0.6045,0.05
1.4,1.0,parallel,turn+180,0.6045,0.025
1.4,1.0,parallel,turn-30,0.0,0.0
1.4,1.0,parallel,turn-60,0.6022,0.025
1.4,1.0,parallel,turn-90,0.82,0.025
1.4,1.0,parallel,turn-120,0.0,0.0
1.4,1.0,parallel,turn-180,1.0,0.025
1.45,1.0,parallel,straight,0.0,0.0
1.45,1.0,parallel,turn+30,0.0,0.0
1.45,1.0,parallel,turn+60,0.0,0.0
1.45,1.0,parallel,turn+90,0.6221,0.125
1.45,1.0,parallel,turn+120,0.6221,0.025
1.45,1.0,parallel,turn+180,0.6221,0.025
1.45,1.0,parallel,turn-30,0.0,0.0
1.45,1.0,parallel,turn-60,0.5269,0.025
1.45,1.0,parallel,turn-90,0.7736,0.025
1.45,1.0,parallel,turn-120,0.0,0.0
1.45,1.0,parallel,turn-180,1.0,0.025
1.5,1.0,parallel,straight,0.0,0.0
1.5,1.0,parallel,turn+30,0.0,0.0
1.5,1.0,parallel,turn+60,0.0,0.0
1.5,1.0,parallel,turn+90,0.6391,0.1
1.5,1.0,parallel,turn+120,0.6391,0.025
1.5,1.0,parallel,turn+180,0.6391,0.025
1.5,1.0,parallel,turn-30,0.0,0.0
1.5,1.0,parallel,turn-60,0.5124,0.025
1.5,1.0,parallel,turn-90,0.6788,0.025
1.5,1.0,parallel,turn-120,0.0,0.0
1.5,1.0,parallel,turn-180,1.0,0.025
0.75,1.0,crossing,straight,0.4538,0.0
0.75,1.0,crossing,turn+30,0.4571,0.0
0.75,1.0,crossing,turn+60,0.4368,0.0
0.75,1.0,crossing,turn+90,0.0,0.0
0.75,1.0,crossing,turn+120,0.8194,0.025
0.75,1.0,crossing,turn+180,1.0,0.025
0.75,1.0,crossing,turn-30,0.4262,0.0
0.75,1.0,crossing,turn-60,0.4872,0.0
0.75,1.0,crossing,turn-90,0.4141,0.0
0.75,1.0,crossing,turn-120,0.3641,0.0
0.75,1.0,crossing,turn-180,0.2316,0.0
0.8,1.0,crossing,straight,0.3641,0.0
0.8,1.0,crossing,turn+30,0.3551,0.0
0.8,1.0,crossing,turn+60,1.0,0.025
0.8,1.0,crossing,turn+90,0.0,0.0
0.8,1.0,crossing,turn+120,0.7299,0.025
0.8,1.0,crossing,turn+180,0.8372,0.025
0.8,1.0,crossing,turn-30,0.4838,0.0
0.8,1.0,crossing,turn-60,0.4163,0.0
0.8,1.0,crossing,turn-90,0.3574,0.0
0.8,1.0,crossing,turn-120,0.3184,0.0
0.8,1.0,crossing,turn-180,0.2028,0.0
0.85,1.0,crossing,straight,0.8894,0.025
0.85,1.0,crossing,turn+30,0.9505,0.025
0.85,1.0,crossing,turn+60,1.0,0.025
0.85,1.0,crossing,turn+90,0.0,0.0
0.85,1.0,crossing,turn+120,0.8741,0.025
0.85,1.0,crossing,turn+180,0.9447,0.025
0.85,1.0,crossing,turn-30,0.5488,0.025
0.85,1.0,crossing,turn-60,0.479,0.0
0.85,1.0,crossing,turn-90,0.4179,0.0
0.85,1.0,crossing,turn-120,0.3749,0.0
0.85,1.0,crossing,turn-180,0.2387,0.0
0.9,1.0,crossing,straight,0.9009,0.025
0.9,1.0,crossing,turn+30,0.9555,0.025
0.9,1.0,crossing,turn+60,1.0,0.025
0.9,1.0,crossing,turn+90,0.0,0.0
0.9,1.0,crossing,turn+120,0.9401,0.025
0.9,1.0,crossing,turn+180,0.9596,0.025
0.9,1.0,crossing,turn-30,0.56,0.025
0.9,1.0,crossing,turn-60,0.4957,0.0
0.9,1.0,crossing,turn-90,0.4392,0.0
0.9,1.0,crossing,turn-120,0.397,0.0
0.9,1.0,crossing,turn-180,0.2525,0.0
0.95,1.0,crossing,straight,0.8611,0.025
0.95,1.0,crossing,turn+30,0.9603,0.025
0.95,1.0,crossing,turn+60,1.0,0.025
0.95,1.0,crossing,turn+90,0.0,0.0
0.95,1.0,crossing,turn+120,0.9931,0.025
0.95,1.0,crossing,turn+180,0.9739,0.025
0.95,1.0,crossing,turn-30,0.5704,0.025
0.95,1.0,crossing,turn-60,0.5121,0.025
0.95,1.0,crossing,turn-90,0.4607,0.0
0.95,1.0,crossing,turn-120,0.4196,0.0
0.95,1.0,crossing,turn-180,0.2883,0.0
1.0,1.0,crossing,straight,0.8018,0.025
1.0,1.0,crossing,turn+30,0.9657,0.025
1.0,1.0,crossing,turn+60,1.0,0.025
1.0,1.0,crossing,turn+90,0.0,0.0
1.0,1.0,crossing,turn+120,0.0,0.0
1.0,1.0,crossing,turn+180,0.988,0.025
1.0,1.0,crossing,turn-30,0.5801,0.025
1.0,1.0,crossing,turn-60,0.5282,0.025
1.0,1.0,crossing,turn-90,0.4825,0.0
1.0,1.0,crossing,turn-120,0.4869,0.0
1.0,1.0,crossing,turn-180,0.3476,0.0
1.05,1.0,crossing,straight,0.7286,0.025
1.05,1.0,crossing,turn+30,0.9693,0.025
1.05,1.0,crossing,turn+60,0.9986,0.025
1.05,1.0,crossing,turn+90,0.0,0.0
1.05,1.0,crossing,turn+120,0.0,0.0
1.05,1.0,crossing,turn+180,1.0,0.025
1.05,1.0,crossing,turn-30,0.588,0.025
1.05,1.0,crossing,turn-60,0.543,0.025
1.05,1.0,crossing,turn-90,0.5034,0.025
1.05,1.0,crossing,turn-120,0.5662,0.05
1.05,1.0,crossing,turn-180,0.3866,0.0
1.1,1.0,crossing,straight,0.6355,0.025
1.1,1.0,crossing,turn+30,0.8751,0.025
1.1,1.0,crossing,turn+60,0.9864,0.025
1.1,1.0,crossing,turn+90,0.0,0.0
1.1,1.0,crossing,turn+120,0.0,0.0
1.1,1.0,crossing,turn+180,1.0,0.025
1.1,1.0,crossing,turn-30,0.5879,0.025
1.1,1.0,crossing,turn-60,0.5507,0.025
1.1,1.0,crossing,turn-90,0.5182,0.025
1.1,1.0,crossing,turn-120,0.7371,0.05
1.1,1.0,crossing,turn-180,0.4085,0.0
1.15,1.0,crossing,straight,0.6094,0.025
1.15,1.0,crossing,turn+30,0.7172,0.025
1.15,1.0,crossing,turn+60,0.8807,0.025
1.15,1.0,crossing,turn+90,0.0,0.0
1.15,1.0,crossing,turn+120,0.0,0.0
1.15,1.0,crossing,turn+180,0.9857,0.025
1.15,1.0,crossing,turn-30,0.5787,0.025
1.15,1.0,crossing,turn-60,0.5498,0.025
1.15,1.0,crossing,turn-90,0.5251,0.025
1.15,1.0,crossing,turn-120,1.0,0.075
1.15,1.0,crossing,turn-180,0.4223,0.0
1.2,1.0,crossing,straight,0.5594,0.025
1.2,1.0,crossing,turn+30,0.5807,0.025
1.2,1.0,crossing,turn+60,0.6521,0.025
1.2,1.0,crossing,turn+90,0.0,0.0
1.2,1.0,crossing,turn+120,0.0,0.0
1.2,1.0,crossing,turn+180,0.9083,0.025
1.2,1.0,crossing,turn-30,0.5378,0.025
1.2,1.0,crossing,turn-60,0.5182,0.025
1.2,1.0,crossing,turn-90,0.5023,0.025
1.2,1.0,crossing,turn-120,1.0,0.025
1.2,1.0,crossing,turn-180,0.4097,0.0
1.25,1.0,crossing,straight,0.5037,0.025
1.25,1.0,crossing,turn+30,0.5181,0.025
1.25,1.0,crossing,turn+60,0.5323,0.025
1.25,1.0,crossing,turn+90,0.0,0.0
1.25,1.0,crossing,turn+120,0.0,0.0
1.25,1.0,crossing,turn+180,0.7378,0.025
1.25,1.0,crossing,turn-30,0.4903,0.0
1.25,1.0,crossing,turn-60,0.4791,0.0
1.25,1.0,crossing,turn-90,0.4713,0.0
1.25,1.0,crossing,turn-120,1.0,0.025
1.25,1.0,crossing,turn-180,0.8908,0.025
1.3,1.0,crossing,straight,0.3819,0.0
1.3,1.0,crossing,turn+30,0.3892,0.0
1.3,1.0,crossing,turn+60,0.3977,0.0
1.3,1.0,crossing,turn+90,0.0,0.0
1.3,1.0,crossing,turn+120,0.0,0.0
1.3,1.0,crossing,turn+180,0.49,0.0
1.3,1.0,crossing,turn-30,0.3762,0.0
1.3,1.0,crossing,turn-60,0.3728,0.0
1.3,1.0,crossing,turn-90,0.3722,0.0
1.3,1.0,crossing,turn-120,1.0,0.025
1.3,1.0,crossing,turn-180,0.7212,0.025
1.35,1.0,crossing,straight,0.4955,0.0
1.35,1.0,crossing,turn+30,0.5005,0.025
1.35,1.0,crossing,turn+60,0.5089,0.025
1.35,1.0,crossing,turn+90,0.0,0.0
1.35,1.0,crossing,turn+120,0.0,0.0
1.35,1.0,crossing,turn+180,0.5739,0.025
1.35,1.0,crossing,turn-30,0.4941,0.0
1.35,1.0,crossing,turn-60,0.4966,0.0
1.35,1.0,crossing,turn-90,0.5031,0.025
1.35,1.0,crossing,turn-120,0.514,0.025
1.35,1.0,crossing,turn-180,1.0,0.025
1.4,1.0,crossing,straight,0.4637,0.0
1.4,1.0,crossing,turn+30,0.4641,0.0
1.4,1.0,crossing,turn+60,0.1536,0.0
1.4,1.0,crossing,turn+90,0.0,0.0
1.4,1.0,crossing,turn+120,0.0,0.0
1.4,1.0,crossing,turn+180,0.8856,0.025
1.4,1.0,crossing,turn-30,0.468,0.0
1.4,1.0,crossing,turn-60,0.4771,0.0
1.4,1.0,crossing,turn-90,0.4905,0.0
1.4,1.0,crossing,turn-120,0.5082,0.025
1.4,1.0,crossing,turn-180,1.0,0.025
1.45,1.0,crossing,straight,0.3857,0.0
1.45,1.0,crossing,turn+30,0.3826,0.0
1.45,1.0,crossing,turn+60,0.1335,0.0
1.45,1.0,crossing,turn+90,0.0,0.0
1.45,1.0,crossing,turn+120,0.0,0.0
1.45,1.0,crossing,turn+180,0.7886,0.025
1.45,1.0,crossing,turn-30,0.3942,0.0
1.45,1.0,crossing,turn-60,0.4076,0.0
1.45,1.0,crossing,turn-90,0.4254,0.0
1.45,1.0,crossing,turn-120,0.4469,0.0
1.45,1.0,crossing,turn-180,1.0,0.025
1.5,1.0,crossing,straight,0.3225,0.0
1.5,1.0,crossing,turn+30,0.3169,0.0
1.5,1.0,crossing,turn+60,0.117,0.0
1.5,1.0,crossing,turn+90,0.0,0.0
1.5,1.0,crossing,turn+120,0.0,0.0
1.5,1.0,crossing,turn+180,0.7295,0.025
1.5,1.0,crossing,turn-30,0.3338,0.0
1.5,1.0,crossing,turn-60,0.3502,0.0
1.5,1.0,crossing,turn-90,0.3709,0.0
1.5,1.0,crossing,turn-120,0.3952,0.0
1.5,1.0,crossing,turn-180,1.0,0.025
0.75,1.3,head_on,straight,0.0,0.0
0.75,1.3,head_on,turn+30,1.0,0.025
0.75,1.3,head_on,turn+60,0.8375,0.025
0.75,1.3,head_on,turn+90,0.7826,0.025
0.75,1.3,head_on,turn+120,0.5244,0.025
0.75,1.3,head_on,turn+180,0.3832,0.0
0.75,1.3,head_on,turn-30,1.0,0.025
0.75,1.3,head_on,turn-60,0.8375,0.025
0.75,1.3,head_on,turn-90,0.7826,0.025
0.75,1.3,head_on,turn-120,0.5244,0.025
0.75,1.3,head_on,turn-180,0.3832,0.0
0.8,1.3,head_on,straight,0.0,0.0
0.8,1.3,head_on,turn+30,1.0,0.025
0.8,1.3,head_on,turn+60,0.9583,0.025
0.8,1.3,head_on,turn+90,0.9028,0.025
0.8,1.3,head_on,turn+120,0.6282,0.025
0.8,1.3,head_on,turn+180,0.4595,0.0
0.8,1.3,head_on,turn-30,1.0,0.025
0.8,1.3,head_on,turn-60,0.9583,0.025
0.8,1.3,head_on,turn-90,0.9028,0.025
0.8,1.3,head_on,turn-120,0.6282,0.025
0.8,1.3,head_on,turn-180,0.4595,0.0
0.85,1.3,head_on,straight,0.0,0.0
0.85,1.3,head_on,turn+30,0.0,0.0
0.85,1.3,head_on,turn+60,1.0,0.025
0.85,1.3,head_on,turn+90,0.9502,0.025
0.85,1.3,head_on,turn+120,0.675,0.025
0.85,1.3,head_on,turn+180,0.502,0.025
0.85,1.3,head_on,turn-30,0.0,0.0
0.85,1.3,head_on,turn-60,1.0,0.025
0.85,1.3,head_on,turn-90,0.9502,0.025
0.85,1.3,head_on,turn-120,0.675,0.025
0.85,1.3,head_on,turn-180,0.502,0.025
0.9,1.3,head_on,straight,0.0,0.0
0.9,1.3,head_on,turn+30,0.0,0.0
0.9,1.3,head_on,turn+60,1.0,0.025
0.9,1.3,head_on,turn+90,0.958,0.025
0.9,1.3,head_on,turn+120,0.6834,0.025
0.9,1.3,head_on,turn+180,0.5246,0.025
0.9,1.3,head_on,turn-30,0.0,0.0
0.9,1.3,head_on,turn-60,1.0,0.025
0.9,1.3,head_on,turn-90,0.958,0.025
0.9,1.3,head_on,turn-120,0.6834,0.025
0.9,1.3,head_on,turn-180,0.5246,0.025
0.95,1.3,head_on,straight,0.0,0.0
0.95,1.3,head_on,turn+30,0.0,0.0
0.95,1.3,head_on,turn+60,1.0,0.025
0.95,1.3,head_on,turn+90,0.9654,0.025
0.95,1.3,head_on,turn+120,0.6802,0.025
0.95,1.3,head_on,turn+180,0.5473,0.025
0.95,1.3,head_on,turn-30,0.0,0.0
0.95,1.3,head_on,turn-60,1.0,0.025
0.95,1.3,head_on,turn-90,0.9654,0.025
0.95,1.3,head_on,turn-120,0.6802,0.025
0.95,1.3,head_on,turn-180,0.5473,0.025
1.0,1.3,head_on,straight,0.7809,0.025
1.0,1.3,head_on,turn+30,0.0,0.0
1.0,1.3,head_on,turn+60,0.4259,0.0
1.0,1.3,head_on,turn+90,0.3721,0.0
1.0,1.3,head_on,turn+120,0.33,0.0
1.0,1.3,head_on,turn+180,0.2793,0.0
1.0,1.3,head_on,turn-30,0.0,0.0
1.0,1.3,head_on,turn-60,0.9017,0.025
1.0,1.3,head_on,turn-90,1.0,0.025
1.0,1.3,head_on,turn-120,0.8887,0.025
1.0,1.3,head_on,turn-180,0.7962,0.025
1.05,1.3,head_on,straight,0.8208,0.025
1.05,1.3,head_on,turn+30,0.0,0.0
1.05,1.3,head_on,turn+60,0.4346,0.0
1.05,1.3,head_on,turn+90,0.3814,0.0
1.05,1.3,head_on,turn+120,0.3431,0.0
1.05,1.3,head_on,turn+180,0.2957,0.0
1.05,1.3,head_on,turn-30,0.0,0.0
1.05,1.3,head_on,turn-60,0.8942,0.025
1.05,1.3,head_on,turn-90,1.0,0.025
1.05,1.3,head_on,turn-120,0.9707,0.025
1.05,1.3,head_on,turn-180,0.8814,0.025
1.1,1.3,head_on,straight,0.8286,0.025
1.1,1.3,head_on,turn+30,0.0,0.0
1.1,1.3,head_on,turn+60,0.4246,0.0
1.1,1.3,head_on,turn+90,0.3744,0.0
1.1,1.3,head_on,turn+120,0.3418,0.0
1.1,1.3,head_on,turn+180,0.2987,0.0
1.1,1.3,head_on,turn-30,0.0,0.0
1.1,1.3,head_on,turn-60,0.897,0.025
1.1,1.3,head_on,turn-90,0.9414,0.025
1.1,1.3,head_on,turn-120,1.0,0.025
1.1,1.3,head_on,turn-180,0.9707,0.05
1.15,1.3,head_on,straight,0.8269,0.025
1.15,1.3,head_on,turn+30,0.0,0.0
1.15,1.3,head_on,turn+60,0.0,0.0
1.15,1.3,head_on,turn+90,0.3646,0.0
1.15,1.3,head_on,turn+120,0.3357,0.0
1.15,1.3,head_on,turn+180,0.2962,0.0
1.15,1.3,head_on,turn-30,0.0,0.0
1.15,1.3,head_on,turn-60,0.8881,0.025
1.15,1.3,head_on,turn-90,0.9265,0.025
1.15,1.3,head_on,turn-120,1.0,0.025
1.15,1.3,head_on,turn-180,0.9149,0.025
1.2,1.3,head_on,straight,0.0,0.0
1.2,1.3,head_on,turn+30,0.0,0.0
1.2,1.3,head_on,turn+60,1.0,0.025
1.2,1.3,head_on,turn+90,0.9949,0.025
1.2,1.3,head_on,turn+120,0.9908,0.025
1.2,1.3,head_on,turn+180,0.9955,0.025
1.2,1.3,head_on,turn-30,0.0,0.0
1.2,1.3,head_on,turn-60,1.0,0.025
1.2,1.3,head_on,turn-90,0.9949,0.025
1.2,1.3,head_on,turn-120,0.9908,0.025
1.2,1.3,head_on,turn-180,0.9955,0.025
1.25,1.3,head_on,straight,0.0,0.0
1.25,1.3,head_on,turn+30,0.0,0.0
1.25,1.3,head_on,turn+60,0.9542,0.025
1.25,1.3,head_on,turn+90,0.9591,0.025
1.25,1.3,head_on,turn+120,0.9675,0.025
1.25,1.3,head_on,turn+180,1.0,0.025
1.25,1.3,head_on,turn-30,0.0,0.0
1.25,1.3,head_on,turn-60,0.9542,0.025
1.25,1.3,head_on,turn-90,0.9591,0.025
1.25,1.3,head_on,turn-120,0.9675,0.025
1.25,1.3,head_on,turn-180,1.0,0.025
1.3,1.3,head_on,straight,0.0,0.0
1.3,1.3,head_on,turn+30,0.0,0.0
1.3,1.3,head_on,turn+60,0.9067,0.025
1.3,1.3,head_on,turn+90,0.9207,0.025
1.3,1.3,head_on,turn+120,0.9405,0.025
1.3,1.3,head_on,turn+180,1.0,0.025
1.3,1.3,head_on,turn-30,0.0,0.0
1.3,1.3,head_on,turn-60,0.9067,0.025
1.3,1.3,head_on,turn-90,0.9207,0.025
1.3,1.3,head_on,turn-120,0.9405,0.025
1.3,1.3,head_on,turn-180,1.0,0.025
1.35,1.3,head_on,straight,0.0,0.0
1.35,1.3,head_on,turn+30,0.0,0.0
1.35,1.3,head_on,turn+60,0.0,0.0
1.35,1.3,head_on,turn+90,0.9663,0.025
1.35,1.3,head_on,turn+120,1.0,0.025
1.35,1.3,head_on,turn+180,0.0,0.0
1.35,1.3,head_on,turn-30,0.0,0.0
1.35,1.3,head_on,turn-60,0.0,0.0
1.35,1.3,head_on,turn-90,0.9663,0.025
1.35,1.3,head_on,turn-120,1.0,0.025
1.35,1.3,head_on,turn-180,0.0,0.0
1.4,1.3,head_on,straight,0.0,0.0
1.4,1.3,head_on,turn+30,0.0,0.0
1.4,1.3,head_on,turn+60,0.0,0.0
1.4,1.3,head_on,turn+90,0.954,0.025
1.4,1.3,head_on,turn+120,1.0,0.025
1.4,1.3,head_on,turn+180,0.0,0.0
1.4,1.3,head_on,turn-30,0.0,0.0
1.4,1.3,head_on,turn-60,0.0,0.0
1.4,1.3,head_on,turn-90,0.954,0.025
1.4,1.3,head_on,turn-120,1.0,0.025
1.4,1.3,head_on,turn-180,0.0,0.0
1.45,1.3,head_on,straight,0.0,0.0
1.45,1.3,head_on,turn+30,0.0,0.0
1.45,1.3,head_on,turn+60,0.0,0.0
1.45,1.3,head_on,turn+90,0.9413,0.025
1.45,1.3,head_on,turn+120,1.0,0.025
1.45,1.3,head_on,turn+180,0.0,0.0
1.45,1.3,head_on,turn-30,0.0,0.0
1.45,1.3,head_on,turn-60,0.0,0.0
1.45,1.3,head_on,turn-90,0.9413,0.025
1.45,1.3,head_on,turn-120,1.0,0.025
1.45,1.3,head_on,turn-180,0.0,0.0
1.5,1.3,head_on,straight,0.0,0.0
1.5,1.3,head_on,turn+30,0.0,0.0
1.5,1.3,head_on,turn+60,0.0,0.0
1.5,1.3,head_on,turn+90,0.9285,0.025
1.5,1.3,head_on,turn+120,1.0,0.025
1.5,1.3,head_on,turn+180,0.0,0.0
1.5,1.3,head_on,turn-30,0.0,0.0
1.5,1.3,head_on,turn-60,0.0,0.0
1.5,1.3,head_on,turn-90,0.9285,0.025
1.5,1.3,head_on,turn-120,1.0,0.025
1.5,1.3,head_on,turn-180,0.0,0.0
0.75,1.3,parallel,straight,0.2753,0.0
0.75,1.3,parallel,turn+30,0.0901,0.0
0.75,1.3,parallel,turn+60,0.1073,0.0
0.75,1.3,parallel,turn+90,0.1073,0.0
0.75,1.3,parallel,turn+120,0.1073,0.0
0.75,1.3,parallel,turn+180,0.1073,0.0
0.75,1.3,parallel,turn-30,0.6813,0.025
0.75,1.3,parallel,turn-60,1.0,0.05
0.75,1.3,parallel,turn-90,0.6621,0.025
0.75,1.3,parallel,turn-120,0.0,0.0
0.75,1.3,parallel,turn-180,0.3058,0.0
0.8,1.3,parallel,straight,0.1834,0.0
0.8,1.3,parallel,turn+30,0.1672,0.0
0.8,1.3,parallel,turn+60,0.1566,0.0
0.8,1.3,parallel,turn+90,0.1512,0.0
0.8,1.3,parallel,turn+120,0.0955,0.0
0.8,1.3,parallel,turn+180,0.1692,0.0
0.8,1.3,parallel,turn-30,0.2647,0.0
0.8,1.3,parallel,turn-60,0.0,0.0
0.8,1.3,parallel,turn-90,0.0,0.0
0.8,1.3,parallel,turn-120,1.0,0.025
0.8,1.3,parallel,turn-180,0.4947,0.0
0.85,1.3,parallel,straight,0.4103,0.0
0.85,1.3,parallel,turn+30,0.3455,0.0
0.85,1.3,parallel,turn+60,0.3273,0.0
0.85,1.3,parallel,turn+90,0.3178,0.0
0.85,1.3,parallel,turn+120,0.193,0.0
0.85,1.3,parallel,turn+180,0.3485,0.0
0.85,1.3,parallel,turn-30,0.5314,0.025
0.85,1.3,parallel,turn-60,0.0,0.0
0.85,1.3,parallel,turn-90,0.0,0.0
0.85,1.3,parallel,turn-120,0.2208,0.0
0.85,1.3,parallel,turn-180,1.0,0.025
0.9,1.3,parallel,straight,0.3128,0.0
0.9,1.3,parallel,turn+30,0.2478,0.0
0.9,1.3,parallel,turn+60,0.2373,0.0
0.9,1.3,parallel,turn+90,0.2316,0.0
0.9,1.3,parallel,turn+120,0.1356,0.0
0.9,1.3,parallel,turn+180,0.2482,0.0
0.9,1.3,parallel,turn-30,0.3696,0.0
0.9,1.3,parallel,turn-60,0.0,0.0
0.9,1.3,parallel,turn-90,0.0,0.0
0.9,1.3,parallel,turn-120,0.1537,0.0
0.9,1.3,parallel,turn-180,1.0,0.05
0.95,1.3,parallel,straight,0.3439,0.0
0.95,1.3,parallel,turn+30,0.2757,0.0
0.95,1.3,parallel,turn+60,0.2517,0.0
0.95,1.3,parallel,turn+90,0.2469,0.0
0.95,1.3,parallel,turn+120,0.1397,0.0
0.95,1.3,parallel,turn+180,0.3781,0.0
0.95,1.3,parallel,turn-30,0.3752,0.0
0.95,1.3,parallel,turn-60,0.0,0.0
0.95,1.3,parallel,turn-90,0.0,0.0
0.95,1.3,parallel,turn-120,0.0,0.0
0.95,1.3,parallel,turn-180,1.0,0.05
1.0,1.3,parallel,straight,0.9595,0.025
1.0,1.3,parallel,turn+30,0.4949,0.0
1.0,1.3,parallel,turn+60,0.2923,0.0
1.0,1.3,parallel,turn+90,0.2309,0.0
1.0,1.3,parallel,turn+120,0.2252,0.0
1.0,1.3,parallel,turn+180,0.1608,0.0
1.0,1.3,parallel,turn-30,1.0,0.025
1.0,1.3,parallel,turn-60,0.9312,0.025
1.0,1.3,parallel,turn-90,0.0,0.0
1.0,1.3,parallel,turn-120,0.0,0.0
1.0,1.3,parallel,turn-180,0.6914,0.025
1.05,1.3,parallel,straight,0.9851,0.025
1.05,1.3,parallel,turn+30,0.5402,0.025
1.05,1.3,parallel,turn+60,0.4379,0.0
1.05,1.3,parallel,turn+90,0.2509,0.0
1.05,1.3,parallel,turn+120,0.228,0.0
1.05,1.3,parallel,turn+180,0.1615,0.0
1.05,1.3,parallel,turn-30,1.0,0.025
1.05,1.3,parallel,turn-60,0.0,0.0
1.05,1.3,parallel,turn-90,0.0,0.0
1.05,1.3,parallel,turn-120,0.0,0.0
1.05,1.3,parallel,turn-180,0.6901,0.025
1.1,1.3,parallel,straight,0.2934,0.0
1.1,1.3,parallel,turn+30,0.2974,0.0
1.1,1.3,parallel,turn+60,0.2966,0.0
1.1,1.3,parallel,turn+90,0.2939,0.0
1.1,1.3,parallel,turn+120,0.4145,0.0
1.1,1.3,parallel,turn+180,0.3378,0.0
1.1,1.3,parallel,turn-30,0.2846,0.0
1.1,1.3,parallel,turn-60,0.0,0.0
1.1,1.3,parallel,turn-90,1.0,0.025
1.1,1.3,parallel,turn-120,0.2427,0.0
1.1,1.3,parallel,turn-180,0.7399,0.05
1.15,1.3,parallel,straight,0.2933,0.0
1.15,1.3,parallel,turn+30,0.3067,0.0
1.15,1.3,parallel,turn+60,0.313,0.0
1.15,1.3,parallel,turn+90,0.3135,0.0
1.15,1.3,parallel,turn+120,0.2573,0.0
1.15,1.3,parallel,turn+180,0.3431,0.0
1.15,1.3,parallel,turn-30,0.2746,0.0
1.15,1.3,parallel,turn-60,1.0,0.025
1.15,1.3,parallel,turn-90,0.9997,0.025
1.15,1.3,parallel,turn-120,0.1988,0.0
1.15,1.3,parallel,turn-180,0.7136,0.05
1.2,1.3,parallel,straight,0.2968,0.0
1.2,1.3,parallel,turn+30,0.3202,0.0
1.2,1.3,parallel,turn+60,0.3364,0.0
1.2,1.3,parallel,turn+90,0.3415,0.0
1.2,1.3,parallel,turn+120,0.2517,0.0
1.2,1.3,parallel,turn+180,0.3512,0.0
1.2,1.3,parallel,turn-30,0.2581,0.0
1.2,1.3,parallel,turn-60,1.0,0.025
1.2,1.3,parallel,turn-90,0.0,0.0
1.2,1.3,parallel,turn-120,0.1915,0.0
1.2,1.3,parallel,turn-180,0.6402,0.05
1.25,1.3,parallel,straight,0.298,0.0
1.25,1.3,parallel,turn+30,0.3331,0.0
1.25,1.3,parallel,turn+60,0.3605,0.0
1.25,1.3,parallel,turn+90,0.3706,0.0
1.25,1.3,parallel,turn+120,0.2539,0.0
1.25,1.3,parallel,turn+180,0.3551,0.0
1.25,1.3,parallel,turn-30,0.0,0.0
1.25,1.3,parallel,turn-60,1.0,0.025
1.25,1.3,parallel,turn-90,0.0,0.0
1.25,1.3,parallel,turn-120,0.1835,0.0
1.25,1.3,parallel,turn-180,0.5897,0.05
1.3,1.3,parallel,straight,0.5027,0.025
1.3,1.3,parallel,turn+30,0.4731,0.0
1.3,1.3,parallel,turn+60,0.4517,0.0
1.3,1.3,parallel,turn+90,0.4404,0.0
1.3,1.3,parallel,turn+120,0.4394,0.0
1.3,1.3,parallel,turn+180,0.0,0.0
1.3,1.3,parallel,turn-30,0.5385,0.025
1.3,1.3,parallel,turn-60,0.5785,0.025
1.3,1.3,parallel,turn-90,0.0,0.0
1.3,1.3,parallel,turn-120,0.0,0.0
1.3,1.3,parallel,turn-180,1.0,0.025
1.35,1.3,parallel,straight,0.5137,0.025
1.35,1.3,parallel,turn+30,0.4902,0.0
1.35,1.3,parallel,turn+60,0.4741,0.0
1.35,1.3,parallel,turn+90,0.4666,0.0
1.35,1.3,parallel,turn+120,0.4686,0.0
1.35,1.3,parallel,turn+180,0.0,0.0
1.35,1.3,parallel,turn-30,0.543,0.025
1.35,1.3,parallel,turn-60,0.5762,0.025
1.35,1.3,parallel,turn-90,0.0,0.0
1.35,1.3,parallel,turn-120,0.0,0.0
1.35,1.3,parallel,turn-180,1.0,0.025
1.4,1.3,parallel,straight,0.5236,0.025
1.4,1.3,parallel,turn+30,0.5066,0.025
1.4,1.3,parallel,turn+60,0.4961,0.0
1.4,1.3,parallel,turn+90,0.4933,0.0
1.4,1.3,parallel,turn+120,0.4989,0.0
1.4,1.3,parallel,turn+180,0.0,0.0
1.4,1.3,parallel,turn-30,0.5461,0.025
1.4,1.3,parallel,turn-60,0.5726,0.025
1.4,1.3,parallel,turn-90,0.0,0.0
1.4,1.3,parallel,turn-120,0.0,0.0
1.4,1.3,parallel,turn-180,1.0,0.025
1.45,1.3,parallel,straight,0.5322,0.025
1.45,1.3,parallel,turn+30,0.5219,0.025
1.45,1.3,parallel,turn+60,0.5175,0.025
1.45,1.3,parallel,turn+90,0.5198,0.025
1.45,1.3,parallel,turn+120,0.5292,0.025
1.45,1.3,parallel,turn+180,0.0,0.0
1.45,1.3,parallel,turn-30,0.5477,0.025
1.45,1.3,parallel,turn-60,0.5673,0.025
1.45,1.3,parallel,turn-90,0.0,0.0
1.45,1.3,parallel,turn-120,0.0,0.0
1.45,1.3,parallel,turn-180,1.0,0.025
1.5,1.3,parallel,straight,0.5393,0.025
1.5,1.3,parallel,turn+30,0.536,0.025
1.5,1.3,parallel,turn+60,0.5381,0.025
1.5,1.3,parallel,turn+90,0.5458,0.025
1.5,1.3,parallel,turn+120,0.5594,0.025
1.5,1.3,parallel,turn+180,0.0,0.0
1.5,1.3,parallel,turn-30,0.5475,0.025
1.5,1.3,parallel,turn-60,0.5604,0.025
1.5,1.3,parallel,turn-90,0.0,0.0
1.5,1.3,parallel,turn-120,0.0,0.0
1.5,1.3,parallel,turn-180,1.0,0.025
0.75,1.3,crossing,straight,0.3673,0.0
0.75,1.3,crossing,turn+30,0.3871,0.0
0.75,1.3,crossing,turn+60,0.3983,0.0
0.75,1.3,crossing,turn+90,0.0,0.0
0.75,1.3,crossing,turn+120,0.7689,0.025
0.75,1.3,crossing,turn+180,1.0,0.025
0.75,1.3,crossing,turn-30,0.3333,0.0
0.75,1.3,crossing,turn-60,0.4278,0.0
0.75,1.3,crossing,turn-90,0.3685,0.0
0.75,1.3,crossing,turn-120,0.2921,0.0
0.75,1.3,crossing,turn-180,0.25,0.0
0.8,1.3,crossing,straight,0.3486,0.0
0.8,1.3,crossing,turn+30,0.3588,0.0
0.8,1.3,crossing,turn+60,0.3654,0.0
0.8,1.3,crossing,turn+90,0.0,0.0
0.8,1.3,crossing,turn+120,0.798,0.025
0.8,1.3,crossing,turn+180,1.0,0.025
0.8,1.3,crossing,turn-30,0.5077,0.025
0.8,1.3,crossing,turn-60,0.433,0.0
0.8,1.3,crossing,turn-90,0.377,0.0
0.8,1.3,crossing,turn-120,0.3219,0.0
0.8,1.3,crossing,turn-180,0.3058,0.0
0.85,1.3,crossing,straight,0.3042,0.0
0.85,1.3,crossing,turn+30,0.3073,0.0
0.85,1.3,crossing,turn+60,0.3132,0.0
0.85,1.3,crossing,turn+90,0.0,0.0
0.85,1.3,crossing,turn+120,0.8431,0.025
0.85,1.3,crossing,turn+180,1.0,0.025
0.85,1.3,crossing,turn-30,0.5063,0.025
0.85,1.3,crossing,turn-60,0.4378,0.0
0.85,1.3,crossing,turn-90,0.3855,0.0
0.85,1.3,crossing,turn-120,0.3492,0.0
0.85,1.3,crossing,turn-180,0.3658,0.0
0.9,1.3,crossing,straight,0.812,0.05
0.9,1.3,crossing,turn+30,0.9436,0.025
0.9,1.3,crossing,turn+60,1.0,0.025
0.9,1.3,crossing,turn+90,0.0,0.0
0.9,1.3,crossing,turn+120,0.0,0.0
0.9,1.3,crossing,turn+180,0.5193,0.025
0.9,1.3,crossing,turn-30,0.7636,0.05
0.9,1.3,crossing,turn-60,0.5893,0.025
0.9,1.3,crossing,turn-90,0.3322,0.0
0.9,1.3,crossing,turn-120,0.3144,0.0
0.9,1.3,crossing,turn-180,0.2015,0.0
0.95,1.3,crossing,straight,0.5651,0.025
0.95,1.3,crossing,turn+30,0.9032,0.025
0.95,1.3,crossing,turn+60,0.9543,0.025
0.95,1.3,crossing,turn+90,0.0,0.0
0.95,1.3,crossing,turn+120,0.0,0.0
0.95,1.3,crossing,turn+180,1.0,0.025
0.95,1.3,crossing,turn-30,0.5026,0.025
0.95,1.3,crossing,turn-60,0.4466,0.0
0.95,1.3,crossing,turn-90,0.4026,0.0
0.95,1.3,crossing,turn-120,0.3746,0.0
0.95,1.3,crossing,turn-180,0.4419,0.0
1.0,1.3,crossing,straight,0.556,0.025
1.0,1.3,crossing,turn+30,0.7908,0.025
1.0,1.3,crossing,turn+60,0.9392,0.025
1.0,1.3,crossing,turn+90,0.0,0.0
1.0,1.3,crossing,turn+120,0.0,0.0
1.0,1.3,crossing,turn+180,1.0,0.025
1.0,1.3,crossing,turn-30,0.5001,0.025
1.0,1.3,crossing,turn-60,0.4505,0.0
1.0,1.3,crossing,turn-90,0.4111,0.0
1.0,1.3,crossing,turn-120,0.454,0.0
1.0,1.3,crossing,turn-180,0.4839,0.0
1.05,1.3,crossing,straight,0.5465,0.025
1.05,1.3,crossing,turn+30,0.658,0.025
1.05,1.3,crossing,turn+60,0.9257,0.025
1.05,1.3,crossing,turn+90,0.0,0.0
1.05,1.3,crossing,turn+120,0.0,0.0
1.05,1.3,crossing,turn+180,1.0,0.025
1.05,1.3,crossing,turn-30,0.4972,0.0
1.05,1.3,crossing,turn-60,0.454,0.0
1.05,1.3,crossing,turn-90,0.4197,0.0
1.05,1.3,crossing,turn-120,0.5713,0.05
1.05,1.3,crossing,turn-180,0.525,0.025
1.1,1.3,crossing,straight,0.5369,0.025
1.1,1.3,crossing,turn+30,0.5833,0.025
1.1,1.3,crossing,turn+60,0.8229,0.025
1.1,1.3,crossing,turn+90,0.0,0.0
1.1,1.3,crossing,turn+120,0.0,0.0
1.1,1.3,crossing,turn+180,1.0,0.025
1.1,1.3,crossing,turn-30,0.494,0.0
1.1,1.3,crossing,turn-60,0.4572,0.0
1.1,1.3,crossing,turn-90,0.4291,0.0
1.1,1.3,crossing,turn-120,0.9826,0.05
1.1,1.3,crossing,turn-180,0.5649,0.025
1.15,1.3,crossing,straight,0.4468,0.0
1.15,1.3,crossing,turn+30,0.4814,0.0
1.15,1.3,crossing,turn+60,0.5519,0.025
1.15,1.3,crossing,turn+90,0.0,0.0
1.15,1.3,crossing,turn+120,0.0,0.0
1.15,1.3,crossing,turn+180,0.848,0.025
1.15,1.3,crossing,turn-30,0.4156,0.0
1.15,1.3,crossing,turn-60,0.3899,0.0
1.15,1.3,crossing,turn-90,0.3715,0.0
1.15,1.3,crossing,turn-120,1.0,0.025
1.15,1.3,crossing,turn-180,0.5116,0.025
1.2,1.3,crossing,straight,0.5164,0.025
1.2,1.3,crossing,turn+30,0.5521,0.025
1.2,1.3,crossing,turn+60,0.5907,0.025
1.2,1.3,crossing,turn+90,0.0,0.0
1.2,1.3,crossing,turn+120,0.0,0.0
1.2,1.3,crossing,turn+180,1.0,0.05
1.2,1.3,crossing,turn-30,0.4857,0.0
1.2,1.3,crossing,turn-60,0.4619,0.0
1.2,1.3,crossing,turn-90,0.4468,0.0
1.2,1.3,crossing,turn-120,0.4808,0.0
1.2,1.3,crossing,turn-180,0.7846,0.025
1.25,1.3,crossing,straight,0.3464,0.0
1.25,1.3,crossing,turn+30,0.3676,0.0
1.25,1.3,crossing,turn+60,0.3916,0.0
1.25,1.3,crossing,turn+90,0.0,0.0
1.25,1.3,crossing,turn+120,0.0,0.0
1.25,1.3,crossing,turn+180,0.6521,0.025
1.25,1.3,crossing,turn-30,0.3293,0.0
1.25,1.3,crossing,turn-60,0.3175,0.0
1.25,1.3,crossing,turn-90,0.3118,0.0
1.25,1.3,crossing,turn-120,1.0,0.025
1.25,1.3,crossing,turn-180,0.6405,0.025
1.3,1.3,crossing,straight,0.4969,0.0
1.3,1.3,crossing,turn+30,0.5235,0.025
1.3,1.3,crossing,turn+60,0.5559,0.025
1.3,1.3,crossing,turn+90,0.0,0.0
1.3,1.3,crossing,turn+120,0.0,0.0
1.3,1.3,crossing,turn+180,0.961,0.025
1.3,1.3,crossing,turn-30,0.4777,0.0
1.3,1.3,crossing,turn-60,0.4669,0.0
1.3,1.3,crossing,turn-90,0.4656,0.0
1.3,1.3,crossing,turn-120,0.4742,0.0
1.3,1.3,crossing,turn-180,1.0,0.025
1.35,1.3,crossing,straight,0.0,0.0
1.35,1.3,crossing,turn+30,0.0,0.0
1.35,1.3,crossing,turn+60,0.0,0.0
1.35,1.3,crossing,turn+90,0.1243,0.0
1.35,1.3,crossing,turn+120,0.1243,0.0
1.35,1.3,crossing,turn+180,0.0,0.0
1.35,1.3,crossing,turn-30,1.0,0.025
1.35,1.3,crossing,turn-60,0.3491,0.0
1.35,1.3,crossing,turn-90,0.0,0.0
1.35,1.3,crossing,turn-120,0.2259,0.0
1.35,1.3,crossing,turn-180,0.414,0.0
1.4,1.3,crossing,straight,0.0,0.0
1.4,1.3,crossing,turn+30,0.0,0.0
1.4,1.3,crossing,turn+60,0.0,0.0
1.4,1.3,crossing,turn+90,0.1237,0.0
1.4,1.3,crossing,turn+120,0.1237,0.0
1.4,1.3,crossing,turn+180,0.0,0.0
1.4,1.3,crossing,turn-30,1.0,0.025
1.4,1.3,crossing,turn-60,0.3445,0.0
1.4,1.3,crossing,turn-90,0.357,0.0
1.4,1.3,crossing,turn-120,0.2405,0.0
1.4,1.3,crossing,turn-180,0.4284,0.0
1.45,1.3,crossing,straight,0.0,0.0
1.45,1.3,crossing,turn+30,0.0,0.0
1.45,1.3,crossing,turn+60,0.0,0.0
1.45,1.3,crossing,turn+90,0.1249,0.0
1.45,1.3,crossing,turn+120,0.1249,0.0
1.45,1.3,crossing,turn+180,0.0,0.0
1.45,1.3,crossing,turn-30,0.0,0.0
1.45,1.3,crossing,turn-60,1.0,0.025
1.45,1.3,crossing,turn-90,0.356,0.0
1.45,1.3,crossing,turn-120,0.0,0.0
1.45,1.3,crossing,turn-180,0.449,0.0
1.5,1.3,crossing,straight,0.0,0.0
1.5,1.3,crossing,turn+30,0.4382,0.0
1.5,1.3,crossing,turn+60,0.5496,0.05
1.5,1.3,crossing,turn+90,0.0,0.0
1.5,1.3,crossing,turn+120,0.0,0.0
1.5,1.3,crossing,turn+180,1.0,0.025
1.5,1.3,crossing,turn-30,0.0,0.0
1.5,1.3,crossing,turn-60,0.0,0.0
1.5,1.3,crossing,turn-90,0.7246,0.075
1.5,1.3,crossing,turn-120,0.7246,0.475
1.5,1.3,crossing,turn-180,0.0,0.0
