geometry,seed,k,e_total,v_direct,v_denial,v_denial_raw,route_changed
close_high_hit,1,1,0.5833333333333334,6.416666666666667,6.000000000000002,6.000000000000002,1
close_high_hit,1,2,1.1666666666666667,12.833333333333334,6.000000000000002,6.000000000000002,1
close_high_hit,1,4,2.3333333333333335,25.666666666666668,6.000000000000002,6.000000000000002,1
close_high_hit,1,6,3.5,38.5,6.000000000000002,6.000000000000002,1
close_high_hit,2,1,0.5833333333333334,6.416666666666667,6.000000000000002,6.000000000000002,1
close_high_hit,2,2,1.1666666666666667,12.833333333333334,6.000000000000002,6.000000000000002,1
close_high_hit,2,4,2.3333333333333335,25.666666666666668,6.000000000000002,6.000000000000002,1
close_high_hit,2,6,3.5,38.5,6.000000000000002,6.000000000000002,1
close_high_hit,3,1,0.5833333333333334,6.416666666666667,6.000000000000002,6.000000000000002,1
close_high_hit,3,2,1.1666666666666667,12.833333333333334,6.000000000000002,6.000000000000002,1
close_high_hit,3,4,2.3333333333333335,25.666666666666668,6.000000000000002,6.000000000000002,1
close_high_hit,3,6,3.5,38.5,6.000000000000002,6.000000000000002,1
close_high_hit,4,1,0.5833333333333334,6.416666666666667,6.000000000000002,6.000000000000002,1
close_high_hit,4,2,1.1666666666666667,12.833333333333334,6.000000000000002,6.000000000000002,1
close_high_hit,4,4,2.3333333333333335,25.666666666666668,6.000000000000002,6.000000000000002,1
close_high_hit,4,6,3.5,38.5,6.000000000000002,6.000000000000002,1
close_high_hit,5,1,0.5833333333333334,6.416666666666667,6.000000000000002,6.000000000000002,1
close_high_hit,5,2,1.1666666666666667,12.833333333333334,6.000000000000002,6.000000000000002,1
close_high_hit,5,4,2.3333333333333335,25.666666666666668,6.000000000000002,6.000000000000002,1
close_high_hit,5,6,3.5,38.5,6.000000000000002,6.000000000000002,1
close_high_hit,6,1,0.5833333333333334,6.416666666666667,6.000000000000002,6.000000000000002,1
close_high_hit,6,2,1.1666666666666667,12.833333333333334,6.000000000000002,6.000000000000002,1
close_high_hit,6,4,2.3333333333333335,25.666666666666668,6.000000000000002,6.000000000000002,1
close_high_hit,6,6,3.5,38.5,6.000000000000002,6.000000000000002,1
close_high_hit,7,1,0.5833333333333334,6.416666666666667,6.000000000000002,6.000000000000002,1
close_high_hit,7,2,1.1666666666666667,12.833333333333334,6.000000000000002,6.000000000000002,1
close_high_hit,7,4,2.3333333333333335,25.666666666666668,6.000000000000002,6.000000000000002,1
close_high_hit,7,6,3.5,38.5,6.000000000000002,6.000000000000002,1
close_high_hit,8,1,0.5833333333333334,6.416666666666667,6.000000000000002,6.000000000000002,1
close_high_hit,8,2,1.1666666666666667,12.833333333333334,6.000000000000002,6.000000000000002,1
close_high_hit,8,4,2.3333333333333335,25.666666666666668,6.000000000000002,6.000000000000002,1
close_high_hit,8,6,3.5,38.5,6.000000000000002,6.000000000000002,1
close_high_hit,9,1,0.5833333333333334,6.416666666666667,6.000000000000002,6.000000000000002,1
close_high_hit,9,2,1.1666666666666667,12.833333333333334,6.000000000000002,6.000000000000002,1
close_high_hit,9,4,2.3333333333333335,25.666666666666668,6.000000000000002,6.000000000000002,1
close_high_hit,9,6,3.5,38.5,6.000000000000002,6.000000000000002,1
close_high_hit,10,1,0.5833333333333334,6.416666666666667,6.000000000000002,6.000000000000002,1
close_high_hit,10,2,1.1666666666666667,12.833333333333334,6.000000000000002,6.000000000000002,1
close_high_hit,10,4,2.3333333333333335,25.666666666666668,6.000000000000002,6.000000000000002,1
close_high_hit,10,6,3.5,38.5,6.000000000000002,6.000000000000002,1
close_high_hit,11,1,0.5833333333333334,6.416666666666667,6.000000000000002,6.000000000000002,1
close_high_hit,11,2,1.1666666666666667,12.833333333333334,6.000000000000002,6.000000000000002,1
close_high_hit,11,4,2.3333333333333335,25.666666666666668,6.000000000000002,6.000000000000002,1
close_high_hit,11,6,3.5,38.5,6.000000000000002,6.000000000000002,1
close_high_hit,12,1,0.5833333333333334,6.416666666666667,6.000000000000002,6.000000000000002,1
close_high_hit,12,2,1.1666666666666667,12.833333333333334,6.000000000000002,6.000000000000002,1
close_high_hit,12,4,2.3333333333333335,25.666666666666668,6.000000000000002,6.000000000000002,1
close_high_hit,12,6,3.5,38.5,6.000000000000002,6.000000000000002,1
close_high_hit,13,1,0.5833333333333334,6.416666666666667,6.000000000000002,6.000000000000002,1
close_high_hit,13,2,1.1666666666666667,12.833333333333334,6.000000000000002,6.000000000000002,1
close_high_hit,13,4,2.3333333333333335,25.666666666666668,6.000000000000002,6.000000000000002,1
close_high_hit,13,6,3.5,38.5,6.000000000000002,6.000000000000002,1
close_high_hit,14,1,0.5833333333333334,6.416666666666667,6.000000000000002,6.000000000000002,1
close_high_hit,14,2,1.1666666666666667,12.833333333333334,6.000000000000002,6.000000000000002,1
close_high_hit,14,4,2.3333333333333335,25.666666666666668,6.000000000000002,6.000000000000002,1
close_high_hit,14,6,3.5,38.5,6.000000000000002,6.000000000000002,1
close_high_hit,15,1,0.5833333333333334,6.416666666666667,6.000000000000002,6.000000000000002,1
close_high_hit,15,2,1.1666666666666667,12.833333333333334,6.000000000000002,6.000000000000002,1
close_high_hit,15,4,2.3333333333333335,25.666666666666668,6.000000000000002,6.000000000000002,1
close_high_hit,15,6,3.5,38.5,6.000000000000002,6.000000000000002,1
close_high_hit,16,1,0.5833333333333334,6.416666666666667,6.000000000000002,6.000000000000002,1
close_high_hit,16,2,1.1666666666666667,12.833333333333334,6.000000000000002,6.000000000000002,1
close_high_hit,16,4,2.3333333333333335,25.666666666666668,6.000000000000002,6.000000000000002,1
close_high_hit,16,6,3.5,38.5,6.000000000000002,6.000000000000002,1
close_high_hit,17,1,0.5833333333333334,6.416666666666667,6.000000000000002,6.000000000000002,1
close_high_hit,17,2,1.1666666666666667,12.833333333333334,6.000000000000002,6.000000000000002,1
close_high_hit,17,4,2.3333333333333335,25.666666666666668,6.000000000000002,6.000000000000002,1
close_high_hit,17,6,3.5,38.5,6.000000000000002,6.000000000000002,1
close_high_hit,18,1,0.5833333333333334,6.416666666666667,6.000000000000002,6.000000000000002,1
close_high_hit,18,2,1.1666666666666667,12.833333333333334,6.000000000000002,6.000000000000002,1
close_high_hit,18,4,2.3333333333333335,25.666666666666668,6.000000000000002,6.000000000000002,1
close_high_hit,18,6,3.5,38.5,6.000000000000002,6.000000000000002,1
close_high_hit,19,1,0.5833333333333334,6.416666666666667,6.000000000000002,6.000000000000002,1
close_high_hit,19,2,1.1666666666666667,12.833333333333334,6.000000000000002,6.000000000000002,1
close_high_hit,19,4,2.3333333333333335,25.666666666666668,6.000000000000002,6.000000000000002,1
close_high_hit,19,6,3.5,38.5,6.000000000000002,6.000000000000002,1
close_high_hit,20,1,0.5833333333333334,6.416666666666667,6.000000000000002,6.000000000000002,1
close_high_hit,20,2,1.1666666666666667,12.833333333333334,6.000000000000002,6.000000000000002,1
close_high_hit,20,4,2.3333333333333335,25.666666666666668,6.000000000000002,6.000000000000002,1
close_high_hit,20,6,3.5,38.5,6.000000000000002,6.000000000000002,1
close_high_hit,21,1,0.5833333333333334,6.416666666666667,6.000000000000002,6.000000000000002,1
close_high_hit,21,2,1.1666666666666667,12.833333333333334,6.000000000000002,6.000000000000002,1
close_high_hit,21,4,2.3333333333333335,25.666666666666668,6.000000000000002,6.000000000000002,1
close_high_hit,21,6,3.5,38.5,6.000000000000002,6.000000000000002,1
close_high_hit,22,1,0.5833333333333334,6.416666666666667,6.000000000000002,6.000000000000002,1
close_high_hit,22,2,1.1666666666666667,12.833333333333334,6.000000000000002,6.000000000000002,1
close_high_hit,22,4,2.3333333333333335,25.666666666666668,6.000000000000002,6.000000000000002,1
close_high_hit,22,6,3.5,38.5,6.000000000000002,6.000000000000002,1
close_high_hit,23,1,0.5833333333333334,6.416666666666667,6.000000000000002,6.000000000000002,1
close_high_hit,23,2,1.1666666666666667,12.833333333333334,6.000000000000002,6.000000000000002,1
close_high_hit,23,4,2.3333333333333335,25.666666666666668,6.000000000000002,6.000000000000002,1
close_high_hit,23,6,3.5,38.5,6.000000000000002,6.000000000000002,1
close_high_hit,24,1,0.5833333333333334,6.416666666666667,6.000000000000002,6.000000000000002,1
close_high_hit,24,2,1.1666666666666667,12.833333333333334,6.000000000000002,6.000000000000002,1
close_high_hit,24,4,2.3333333333333335,25.666666666666668,6.000000000000002,6.000000000000002,1
close_high_hit,24,6,3.5,38.5,6.000000000000002,6.000000000000002,1
close_high_hit,25,1,0.5833333333333334,6.416666666666667,6.000000000000002,6.000000000000002,1
close_high_hit,25,2,1.1666666666666667,12.833333333333334,6.000000000000002,6.000000000000002,1
close_high_hit,25,4,2.3333333333333335,25.666666666666668,6.000000000000002,6.000000000000002,1
close_high_hit,25,6,3.5,38.5,6.000000000000002,6.000000000000002,1
close_high_hit,26,1,0.5833333333333334,6.416666666666667,6.000000000000002,6.000000000000002,1
close_high_hit,26,2,1.1666666666666667,12.833333333333334,6.000000000000002,6.000000000000002,1
close_high_hit,26,4,2.3333333333333335,25.666666666666668,6.000000000000002,6.000000000000002,1
close_high_hit,26,6,3.5,38.5,6.000000000000002,6.000000000000002,1
close_high_hit,27,1,0.5833333333333334,6.416666666666667,6.000000000000002,6.000000000000002,1
close_high_hit,27,2,1.1666666666666667,12.833333333333334,6.000000000000002,6.000000000000002,1
close_high_hit,27,4,2.3333333333333335,25.666666666666668,6.000000000000002,6.000000000000002,1
close_high_hit,27,6,3.5,38.5,6.000000000000002,6.000000000000002,1
close_high_hit,28,1,0.5833333333333334,6.416666666666667,6.000000000000002,6.000000000000002,1
close_high_hit,28,2,1.1666666666666667,12.833333333333334,6.000000000000002,6.000000000000002,1
close_high_hit,28,4,2.3333333333333335,25.666666666666668,6.000000000000002,6.000000000000002,1
close_high_hit,28,6,3.5,38.5,6.000000000000002,6.000000000000002,1
close_high_hit,29,1,0.5833333333333334,6.416666666666667,6.000000000000002,6.000000000000002,1
close_high_hit,29,2,1.1666666666666667,12.833333333333334,6.000000000000002,6.000000000000002,1
close_high_hit,29,4,2.3333333333333335,25.666666666666668,6.000000000000002,6.000000000000002,1
close_high_hit,29,6,3.5,38.5,6.000000000000002,6.000000000000002,1
close_high_hit,30,1,0.5833333333333334,6.416666666666667,6.000000000000002,6.000000000000002,1
close_high_hit,30,2,1.1666666666666667,12.833333333333334,6.000000000000002,6.000000000000002,1
close_high_hit,30,4,2.3333333333333335,25.666666666666668,6.000000000000002,6.000000000000002,1
close_high_hit,30,6,3.5,38.5,6.000000000000002,6.000000000000002,1
mid_low_hit,1,1,0.08333333333333333,0.9166666666666666,0.0,0.0,0
mid_low_hit,1,2,0.16666666666666666,1.8333333333333333,0.0,0.0,0
mid_low_hit,1,4,0.3333333333333333,3.6666666666666665,0.0,0.0,0
mid_low_hit,2,1,0.08333333333333333,0.9166666666666666,0.0,0.0,0
mid_low_hit,2,2,0.16666666666666666,1.8333333333333333,0.0,0.0,0
mid_low_hit,2,4,0.3333333333333333,3.6666666666666665,0.0,0.0,0
mid_low_hit,3,1,0.08333333333333333,0.9166666666666666,0.0,0.0,0
mid_low_hit,3,2,0.16666666666666666,1.8333333333333333,0.0,0.0,0
mid_low_hit,3,4,0.3333333333333333,3.6666666666666665,0.0,0.0,0
mid_low_hit,4,1,0.08333333333333333,0.9166666666666666,0.0,0.0,0
mid_low_hit,4,2,0.16666666666666666,1.8333333333333333,0.0,0.0,0
mid_low_hit,4,4,0.3333333333333333,3.6666666666666665,0.0,0.0,0
mid_low_hit,5,1,0.08333333333333333,0.9166666666666666,0.0,0.0,0
mid_low_hit,5,2,0.16666666666666666,1.8333333333333333,0.0,0.0,0
mid_low_hit,5,4,0.3333333333333333,3.6666666666666665,0.0,0.0,0
mid_low_hit,6,1,0.08333333333333333,0.9166666666666666,0.0,0.0,0
mid_low_hit,6,2,0.16666666666666666,1.8333333333333333,0.0,0.0,0
mid_low_hit,6,4,0.3333333333333333,3.6666666666666665,0.0,0.0,0
mid_low_hit,7,1,0.08333333333333333,0.9166666666666666,0.0,0.0,0
mid_low_hit,7,2,0.16666666666666666,1.8333333333333333,0.0,0.0,0
mid_low_hit,7,4,0.3333333333333333,3.6666666666666665,0.0,0.0,0
mid_low_hit,8,1,0.08333333333333333,0.9166666666666666,0.0,0.0,0
mid_low_hit,8,2,0.16666666666666666,1.8333333333333333,0.0,0.0,0
mid_low_hit,8,4,0.3333333333333333,3.6666666666666665,0.0,0.0,0
mid_low_hit,9,1,0.08333333333333333,0.9166666666666666,0.0,0.0,0
mid_low_hit,9,2,0.16666666666666666,1.8333333333333333,0.0,0.0,0
mid_low_hit,9,4,0.3333333333333333,3.6666666666666665,0.0,0.0,0
mid_low_hit,10,1,0.08333333333333333,0.9166666666666666,0.0,0.0,0
mid_low_hit,10,2,0.16666666666666666,1.8333333333333333,0.0,0.0,0
mid_low_hit,10,4,0.3333333333333333,3.6666666666666665,0.0,0.0,0
mid_low_hit,11,1,0.08333333333333333,0.9166666666666666,0.0,0.0,0
mid_low_hit,11,2,0.16666666666666666,1.8333333333333333,0.0,0.0,0
mid_low_hit,11,4,0.3333333333333333,3.6666666666666665,0.0,0.0,0
mid_low_hit,12,1,0.08333333333333333,0.9166666666666666,0.0,0.0,0
mid_low_hit,12,2,0.16666666666666666,1.8333333333333333,0.0,0.0,0
mid_low_hit,12,4,0.3333333333333333,3.6666666666666665,0.0,0.0,0
mid_low_hit,13,1,0.08333333333333333,0.9166666666666666,0.0,0.0,0
mid_low_hit,13,2,0.16666666666666666,1.8333333333333333,0.0,0.0,0
mid_low_hit,13,4,0.3333333333333333,3.6666666666666665,0.0,0.0,0
mid_low_hit,14,1,0.08333333333333333,0.9166666666666666,0.0,0.0,0
mid_low_hit,14,2,0.16666666666666666,1.8333333333333333,0.0,0.0,0
mid_low_hit,14,4,0.3333333333333333,3.6666666666666665,0.0,0.0,0
mid_low_hit,15,1,0.08333333333333333,0.9166666666666666,0.0,0.0,0
mid_low_hit,15,2,0.16666666666666666,1.8333333333333333,0.0,0.0,0
mid_low_hit,15,4,0.3333333333333333,3.6666666666666665,0.0,0.0,0
mid_low_hit,16,1,0.08333333333333333,0.9166666666666666,0.0,0.0,0
mid_low_hit,16,2,0.16666666666666666,1.8333333333333333,0.0,0.0,0
mid_low_hit,16,4,0.3333333333333333,3.6666666666666665,0.0,0.0,0
mid_low_hit,17,1,0.08333333333333333,0.9166666666666666,0.0,0.0,0
mid_low_hit,17,2,0.16666666666666666,1.8333333333333333,0.0,0.0,0
mid_low_hit,17,4,0.3333333333333333,3.6666666666666665,0.0,0.0,0
mid_low_hit,18,1,0.08333333333333333,0.9166666666666666,0.0,0.0,0
mid_low_hit,18,2,0.16666666666666666,1.8333333333333333,0.0,0.0,0
mid_low_hit,18,4,0.3333333333333333,3.6666666666666665,0.0,0.0,0
mid_low_hit,19,1,0.08333333333333333,0.9166666666666666,0.0,0.0,0
mid_low_hit,19,2,0.16666666666666666,1.8333333333333333,0.0,0.0,0
mid_low_hit,19,4,0.3333333333333333,3.6666666666666665,0.0,0.0,0
mid_low_hit,20,1,0.08333333333333333,0.9166666666666666,0.0,0.0,0
mid_low_hit,20,2,0.16666666666666666,1.8333333333333333,0.0,0.0,0
mid_low_hit,20,4,0.3333333333333333,3.6666666666666665,0.0,0.0,0
mid_low_hit,21,1,0.08333333333333333,0.9166666666666666,0.0,0.0,0
mid_low_hit,21,2,0.16666666666666666,1.8333333333333333,0.0,0.0,0
mid_low_hit,21,4,0.3333333333333333,3.6666666666666665,0.0,0.0,0
mid_low_hit,22,1,0.08333333333333333,0.9166666666666666,0.0,0.0,0
mid_low_hit,22,2,0.16666666666666666,1.8333333333333333,0.0,0.0,0
mid_low_hit,22,4,0.3333333333333333,3.6666666666666665,0.0,0.0,0
mid_low_hit,23,1,0.08333333333333333,0.9166666666666666,0.0,0.0,0
mid_low_hit,23,2,0.16666666666666666,1.8333333333333333,0.0,0.0,0
mid_low_hit,23,4,0.3333333333333333,3.6666666666666665,0.0,0.0,0
mid_low_hit,24,1,0.08333333333333333,0.9166666666666666,0.0,0.0,0
mid_low_hit,24,2,0.16666666666666666,1.8333333333333333,0.0,0.0,0
mid_low_hit,24,4,0.3333333333333333,3.6666666666666665,0.0,0.0,0
mid_low_hit,25,1,0.08333333333333333,0.9166666666666666,0.0,0.0,0
mid_low_hit,25,2,0.16666666666666666,1.8333333333333333,0.0,0.0,0
mid_low_hit,25,4,0.3333333333333333,3.6666666666666665,0.0,0.0,0
mid_low_hit,26,1,0.08333333333333333,0.9166666666666666,0.0,0.0,0
mid_low_hit,26,2,0.16666666666666666,1.8333333333333333,0.0,0.0,0
mid_low_hit,26,4,0.3333333333333333,3.6666666666666665,0.0,0.0,0
mid_low_hit,27,1,0.08333333333333333,0.9166666666666666,0.0,0.0,0
mid_low_hit,27,2,0.16666666666666666,1.8333333333333333,0.0,0.0,0
mid_low_hit,27,4,0.3333333333333333,3.6666666666666665,0.0,0.0,0
mid_low_hit,28,1,0.08333333333333333,0.9166666666666666,0.0,0.0,0
mid_low_hit,28,2,0.16666666666666666,1.8333333333333333,0.0,0.0,0
mid_low_hit,28,4,0.3333333333333333,3.6666666666666665,0.0,0.0,0
mid_low_hit,29,1,0.08333333333333333,0.9166666666666666,0.0,0.0,0
mid_low_hit,29,2,0.16666666666666666,1.8333333333333333,0.0,0.0,0
mid_low_hit,29,4,0.3333333333333333,3.6666666666666665,0.0,0.0,0
mid_low_hit,30,1,0.08333333333333333,0.9166666666666666,0.0,0.0,0
mid_low_hit,30,2,0.16666666666666666,1.8333333333333333,0.0,0.0,0
mid_low_hit,30,4,0.3333333333333333,3.6666666666666665,0.0,0.0,0
long_low_hit,1,1,0.027777777777777776,0.3055555555555555,0.0,0.0,1
long_low_hit,1,2,0.05555555555555555,0.611111111111111,0.0,0.0,1
long_low_hit,1,4,0.1111111111111111,1.222222222222222,4.000000000000001,4.000000000000001,1
long_low_hit,1,6,0.16666666666666666,1.8333333333333333,4.000000000000001,4.000000000000001,1
long_low_hit,2,1,0.027777777777777776,0.3055555555555555,0.0,0.0,1
long_low_hit,2,2,0.05555555555555555,0.611111111111111,0.0,0.0,1
long_low_hit,2,4,0.1111111111111111,1.222222222222222,4.000000000000001,4.000000000000001,1
long_low_hit,2,6,0.16666666666666666,1.8333333333333333,4.000000000000001,4.000000000000001,1
long_low_hit,3,1,0.027777777777777776,0.3055555555555555,0.0,0.0,1
long_low_hit,3,2,0.05555555555555555,0.611111111111111,0.0,0.0,1
long_low_hit,3,4,0.1111111111111111,1.222222222222222,4.000000000000001,4.000000000000001,1
long_low_hit,3,6,0.16666666666666666,1.8333333333333333,4.000000000000001,4.000000000000001,1
long_low_hit,4,1,0.027777777777777776,0.3055555555555555,0.0,0.0,1
long_low_hit,4,2,0.05555555555555555,0.611111111111111,0.0,0.0,1
long_low_hit,4,4,0.1111111111111111,1.222222222222222,4.000000000000001,4.000000000000001,1
long_low_hit,4,6,0.16666666666666666,1.8333333333333333,4.000000000000001,4.000000000000001,1
long_low_hit,5,1,0.027777777777777776,0.3055555555555555,0.0,0.0,1
long_low_hit,5,2,0.05555555555555555,0.611111111111111,0.0,0.0,1
long_low_hit,5,4,0.1111111111111111,1.222222222222222,4.000000000000001,4.000000000000001,1
long_low_hit,5,6,0.16666666666666666,1.8333333333333333,4.000000000000001,4.000000000000001,1
long_low_hit,6,1,0.027777777777777776,0.3055555555555555,0.0,0.0,1
long_low_hit,6,2,0.05555555555555555,0.611111111111111,0.0,0.0,1
long_low_hit,6,4,0.1111111111111111,1.222222222222222,4.000000000000001,4.000000000000001,1
long_low_hit,6,6,0.16666666666666666,1.8333333333333333,4.000000000000001,4.000000000000001,1
long_low_hit,7,1,0.027777777777777776,0.3055555555555555,0.0,0.0,1
long_low_hit,7,2,0.05555555555555555,0.611111111111111,0.0,0.0,1
long_low_hit,7,4,0.1111111111111111,1.222222222222222,4.000000000000001,4.000000000000001,1
long_low_hit,7,6,0.16666666666666666,1.8333333333333333,4.000000000000001,4.000000000000001,1
long_low_hit,8,1,0.027777777777777776,0.3055555555555555,0.0,0.0,1
long_low_hit,8,2,0.05555555555555555,0.611111111111111,0.0,0.0,1
long_low_hit,8,4,0.1111111111111111,1.222222222222222,4.000000000000001,4.000000000000001,1
long_low_hit,8,6,0.16666666666666666,1.8333333333333333,4.000000000000001,4.000000000000001,1
long_low_hit,9,1,0.027777777777777776,0.3055555555555555,0.0,0.0,1
long_low_hit,9,2,0.05555555555555555,0.611111111111111,0.0,0.0,1
long_low_hit,9,4,0.1111111111111111,1.222222222222222,4.000000000000001,4.000000000000001,1
long_low_hit,9,6,0.16666666666666666,1.8333333333333333,4.000000000000001,4.000000000000001,1
long_low_hit,10,1,0.027777777777777776,0.3055555555555555,0.0,0.0,1
long_low_hit,10,2,0.05555555555555555,0.611111111111111,0.0,0.0,1
long_low_hit,10,4,0.1111111111111111,1.222222222222222,4.000000000000001,4.000000000000001,1
long_low_hit,10,6,0.16666666666666666,1.8333333333333333,4.000000000000001,4.000000000000001,1
long_low_hit,11,1,0.027777777777777776,0.3055555555555555,0.0,0.0,1
long_low_hit,11,2,0.05555555555555555,0.611111111111111,0.0,0.0,1
long_low_hit,11,4,0.1111111111111111,1.222222222222222,4.000000000000001,4.000000000000001,1
long_low_hit,11,6,0.16666666666666666,1.8333333333333333,4.000000000000001,4.000000000000001,1
long_low_hit,12,1,0.027777777777777776,0.3055555555555555,0.0,0.0,1
long_low_hit,12,2,0.05555555555555555,0.611111111111111,0.0,0.0,1
long_low_hit,12,4,0.1111111111111111,1.222222222222222,4.000000000000001,4.000000000000001,1
long_low_hit,12,6,0.16666666666666666,1.8333333333333333,4.000000000000001,4.000000000000001,1
long_low_hit,13,1,0.027777777777777776,0.3055555555555555,0.0,0.0,1
long_low_hit,13,2,0.05555555555555555,0.611111111111111,0.0,0.0,1
long_low_hit,13,4,0.1111111111111111,1.222222222222222,4.000000000000001,4.000000000000001,1
long_low_hit,13,6,0.16666666666666666,1.8333333333333333,4.000000000000001,4.000000000000001,1
long_low_hit,14,1,0.027777777777777776,0.3055555555555555,0.0,0.0,1
long_low_hit,14,2,0.05555555555555555,0.611111111111111,0.0,0.0,1
long_low_hit,14,4,0.1111111111111111,1.222222222222222,4.000000000000001,4.000000000000001,1
long_low_hit,14,6,0.16666666666666666,1.8333333333333333,4.000000000000001,4.000000000000001,1
long_low_hit,15,1,0.027777777777777776,0.3055555555555555,0.0,0.0,1
long_low_hit,15,2,0.05555555555555555,0.611111111111111,0.0,0.0,1
long_low_hit,15,4,0.1111111111111111,1.222222222222222,4.000000000000001,4.000000000000001,1
long_low_hit,15,6,0.16666666666666666,1.8333333333333333,4.000000000000001,4.000000000000001,1
long_low_hit,16,1,0.027777777777777776,0.3055555555555555,0.0,0.0,1
long_low_hit,16,2,0.05555555555555555,0.611111111111111,0.0,0.0,1
long_low_hit,16,4,0.1111111111111111,1.222222222222222,4.000000000000001,4.000000000000001,1
long_low_hit,16,6,0.16666666666666666,1.8333333333333333,4.000000000000001,4.000000000000001,1
long_low_hit,17,1,0.027777777777777776,0.3055555555555555,0.0,0.0,1
long_low_hit,17,2,0.05555555555555555,0.611111111111111,0.0,0.0,1
long_low_hit,17,4,0.1111111111111111,1.222222222222222,4.000000000000001,4.000000000000001,1
long_low_hit,17,6,0.16666666666666666,1.8333333333333333,4.000000000000001,4.000000000000001,1
long_low_hit,18,1,0.027777777777777776,0.3055555555555555,0.0,0.0,1
long_low_hit,18,2,0.05555555555555555,0.611111111111111,0.0,0.0,1
long_low_hit,18,4,0.1111111111111111,1.222222222222222,4.000000000000001,4.000000000000001,1
long_low_hit,18,6,0.16666666666666666,1.8333333333333333,4.000000000000001,4.000000000000001,1
long_low_hit,19,1,0.027777777777777776,0.3055555555555555,0.0,0.0,1
long_low_hit,19,2,0.05555555555555555,0.611111111111111,0.0,0.0,1
long_low_hit,19,4,0.1111111111111111,1.222222222222222,4.000000000000001,4.000000000000001,1
long_low_hit,19,6,0.16666666666666666,1.8333333333333333,4.000000000000001,4.000000000000001,1
long_low_hit,20,1,0.027777777777777776,0.3055555555555555,0.0,0.0,1
long_low_hit,20,2,0.05555555555555555,0.611111111111111,0.0,0.0,1
long_low_hit,20,4,0.1111111111111111,1.222222222222222,4.000000000000001,4.000000000000001,1
long_low_hit,20,6,0.16666666666666666,1.8333333333333333,4.000000000000001,4.000000000000001,1
long_low_hit,21,1,0.027777777777777776,0.3055555555555555,0.0,0.0,1
long_low_hit,21,2,0.05555555555555555,0.611111111111111,0.0,0.0,1
long_low_hit,21,4,0.1111111111111111,1.222222222222222,4.000000000000001,4.000000000000001,1
long_low_hit,21,6,0.16666666666666666,1.8333333333333333,4.000000000000001,4.000000000000001,1
long_low_hit,22,1,0.027777777777777776,0.3055555555555555,0.0,0.0,1
long_low_hit,22,2,0.05555555555555555,0.611111111111111,0.0,0.0,1
long_low_hit,22,4,0.1111111111111111,1.222222222222222,4.000000000000001,4.000000000000001,1
long_low_hit,22,6,0.16666666666666666,1.8333333333333333,4.000000000000001,4.000000000000001,1
long_low_hit,23,1,0.027777777777777776,0.3055555555555555,0.0,0.0,1
long_low_hit,23,2,0.05555555555555555,0.611111111111111,0.0,0.0,1
long_low_hit,23,4,0.1111111111111111,1.222222222222222,4.000000000000001,4.000000000000001,1
long_low_hit,23,6,0.16666666666666666,1.8333333333333333,4.000000000000001,4.000000000000001,1
long_low_hit,24,1,0.027777777777777776,0.3055555555555555,0.0,0.0,1
long_low_hit,24,2,0.05555555555555555,0.611111111111111,0.0,0.0,1
long_low_hit,24,4,0.1111111111111111,1.222222222222222,4.000000000000001,4.000000000000001,1
long_low_hit,24,6,0.16666666666666666,1.8333333333333333,4.000000000000001,4.000000000000001,1
long_low_hit,25,1,0.027777777777777776,0.3055555555555555,0.0,0.0,1
long_low_hit,25,2,0.05555555555555555,0.611111111111111,0.0,0.0,1
long_low_hit,25,4,0.1111111111111111,1.222222222222222,4.000000000000001,4.000000000000001,1
long_low_hit,25,6,0.16666666666666666,1.8333333333333333,4.000000000000001,4.000000000000001,1
long_low_hit,26,1,0.027777777777777776,0.3055555555555555,0.0,0.0,1
long_low_hit,26,2,0.05555555555555555,0.611111111111111,0.0,0.0,1
long_low_hit,26,4,0.1111111111111111,1.222222222222222,4.000000000000001,4.000000000000001,1
long_low_hit,26,6,0.16666666666666666,1.8333333333333333,4.000000000000001,4.000000000000001,1
long_low_hit,27,1,0.027777777777777776,0.3055555555555555,0.0,0.0,1
long_low_hit,27,2,0.05555555555555555,0.611111111111111,0.0,0.0,1
long_low_hit,27,4,0.1111111111111111,1.222222222222222,4.000000000000001,4.000000000000001,1
long_low_hit,27,6,0.16666666666666666,1.8333333333333333,4.000000000000001,4.000000000000001,1
long_low_hit,28,1,0.027777777777777776,0.3055555555555555,0.0,0.0,1
long_low_hit,28,2,0.05555555555555555,0.611111111111111,0.0,0.0,1
long_low_hit,28,4,0.1111111111111111,1.222222222222222,4.000000000000001,4.000000000000001,1
long_low_hit,28,6,0.16666666666666666,1.8333333333333333,4.000000000000001,4.000000000000001,1
long_low_hit,29,1,0.027777777777777776,0.3055555555555555,0.0,0.0,1
long_low_hit,29,2,0.05555555555555555,0.611111111111111,0.0,0.0,1
long_low_hit,29,4,0.1111111111111111,1.222222222222222,4.000000000000001,4.000000000000001,1
long_low_hit,29,6,0.16666666666666666,1.8333333333333333,4.000000000000001,4.000000000000001,1
long_low_hit,30,1,0.027777777777777776,0.3055555555555555,0.0,0.0,1
long_low_hit,30,2,0.05555555555555555,0.611111111111111,0.0,0.0,1
long_low_hit,30,4,0.1111111111111111,1.222222222222222,4.000000000000001,4.000000000000001,1
long_low_hit,30,6,0.16666666666666666,1.8333333333333333,4.000000000000001,4.000000000000001,1
